

Цикл № 1
Шаг  № 1
Точек  989
Циклическая потенцио. развертка , Скорость развертки 100,12 мВ/с.
Время, с.              Потенциал, мВ            Ток, мкА
0.006100               0.152400                 -265.070000
0.019800               2.286000                 -1076.600000
0.025900               3.200400                 -1053.300000
0.031900               3.581400                 -1039.800000
0.038000               4.038600                 -1007.500000
0.044000               4.114800                 -977.840000
0.050100               5.257800                 -966.030000
0.056100               5.943600                 -939.600000
0.062200               6.324600                 -906.000000
0.068200               7.467600                 -891.140000
0.074300               7.848600                 -872.630000
0.080300               8.153400                 -836.360000
0.086400               8.534400                 -816.860000
0.092400               9.525000                 -803.070000
0.098500               10.211000                 -769.400000
0.104500               10.363000                 -742.050000
0.110600               11.278000                 -731.300000
0.116600               12.040000                 -703.270000
0.122700               12.192000                 -670.660000
0.128700               12.954000                 -658.170000
0.134800               13.564000                 -638.590000
0.140800               14.326000                 -602.780000
0.146900               15.316000                 -585.410000
0.152900               15.545000                 -571.390000
0.159000               16.154000                 -537.790000
0.165000               16.307000                 -512.800000
0.171100               17.374000                 -501.830000
0.177100               17.907000                 -472.730000
0.183200               18.212000                 -441.880000
0.189200               19.050000                 -430.600000
0.195300               20.117000                 -408.960000
0.201400               20.498000                 -375.140000
0.207400               21.184000                 -360.280000
0.213500               21.641000                 -345.350000
0.219500               22.022000                 -311.680000
0.225600               22.708000                 -289.810000
0.231600               23.622000                 -278.460000
0.237700               23.622000                 -248.290000
0.243700               24.613000                 -219.490000
0.249800               24.613000                 -210.120000
0.255800               25.832000                 -186.200000
0.261900               26.060000                 -154.200000
0.267900               27.356000                 -140.560000
0.274000               27.432000                 -124.640000
0.280000               28.042000                 -90.585000
0.286100               28.880000                 -71.538000
0.292100               29.718000                 -59.882000
0.298200               30.099000                 -28.722000
0.304200               30.785000                 -2.590300
0.310300               31.775000                 6.399600
0.316300               32.004000                 32.150000
0.322400               32.309000                 63.005000
0.328400               32.690000                 74.662000
0.334500               33.833000                 91.803000
0.340500               33.985000                 126.010000
0.346600               35.128000                 142.690000
0.352600               35.433000                 154.500000
0.358700               36.347000                 186.810000
0.364700               37.262000                 212.020000
0.370800               37.338000                 220.410000
0.376800               37.795000                 247.910000
0.382900               38.329000                 277.930000
0.388900               38.786000                 288.670000
0.395000               40.005000                 307.870000
0.401100               40.386000                 341.620000
0.407100               40.996000                 356.550000
0.413200               41.453000                 369.730000
0.419200               41.986000                 402.720000
0.425300               42.672000                 425.500000
0.431300               43.967000                 435.930000
0.437400               43.815000                 464.880000
0.443400               44.196000                 493.990000
0.449500               44.882000                 503.970000
0.455500               45.796000                 526.440000
0.461600               46.253000                 559.430000
0.467600               47.473000                 573.600000
0.473700               47.625000                 589.070000
0.479700               47.777000                 623.040000
0.485800               48.692000                 643.390000
0.491800               48.997000                 654.360000
0.497900               50.216000                 685.900000
0.503900               50.444000                 713.170000
0.510000               51.054000                 722.160000
0.516000               51.740000                 747.760000
0.522100               52.426000                 780.900000
0.528100               52.502000                 793.470000
0.534200               53.492000                 811.220000
0.540200               54.178000                 847.490000
0.546300               54.559000                 865.470000
0.552300               55.321000                 878.270000
0.558400               56.236000                 911.560000
0.564400               57.226000                 938.910000
0.570500               57.150000                 948.280000
0.576500               57.988000                 976.390000
0.582600               58.674000                 1009.100000
0.588700               59.131000                 1020.200000
0.594700               59.817000                 1039.200000
0.600800               60.122000                 1075.000000
0.606800               60.427000                 1091.000000
0.612900               61.646000                 1105.000000
0.618900               62.332000                 1139.000000
0.625000               62.713000                 1164.300000
0.631000               63.170000                 1174.300000
0.637100               63.475000                 1203.700000
0.643100               64.237000                 1235.300000
0.649200               65.227000                 1246.500000
0.655200               66.065000                 1268.100000
0.661300               66.370000                 1303.400000
0.667300               67.056000                 1319.200000
0.673400               67.513000                 1334.200000
0.679400               68.580000                 1369.600000
0.685500               68.809000                 1392.700000
0.691500               69.342000                 1403.900000
0.697600               69.875000                 1435.300000
0.703600               70.790000                 1466.000000
0.709700               71.628000                 1476.500000
0.715700               71.552000                 1501.100000
0.721800               71.857000                 1536.000000
0.727800               73.381000                 1551.000000
0.733900               73.381000                 1567.700000
0.739900               74.524000                 1605.000000
0.746000               74.295000                 1626.100000
0.752000               75.057000                 1639.000000
0.758100               76.657000                 1673.900000
0.764100               77.191000                 1703.900000
0.770200               77.419000                 1714.200000
0.776300               77.724000                 1742.100000
0.790000               80.162000                 1837.000000
0.796100               80.696000                 1868.300000
0.802100               81.229000                 1879.600000
0.808200               81.915000                 1905.300000
0.814200               82.144000                 1942.300000
0.820300               83.439000                 1959.900000
0.826300               83.515000                 1976.000000
0.832400               84.506000                 2017.800000
0.838400               84.811000                 2038.700000
0.844500               85.039000                 2052.300000
0.850500               86.258000                 2089.300000
0.856600               86.487000                 2119.800000
0.862600               87.859000                 2132.700000
0.868700               87.935000                 2163.200000
0.874700               88.621000                 2198.600000
0.880800               88.925000                 2213.100000
0.886800               89.535000                 2234.000000
0.892900               90.526000                 2274.900000
0.898900               90.678000                 2295.000000
0.905000               91.669000                 2312.700000
0.911000               92.202000                 2351.300000
0.917100               92.431000                 2381.800000
0.923100               93.878000                 2396.300000
0.929200               93.726000                 2428.400000
0.935200               94.869000                 2467.000000
0.941300               95.631000                 2482.300000
0.947300               95.707000                 2505.600000
0.953400               96.774000                 2547.300000
0.959400               96.850000                 2566.600000
0.965500               97.612000                 2585.900000
0.971500               98.374000                 2626.900000
0.977600               98.450000                 2653.400000
0.983700               99.898000                 2670.300000
0.989700               100.280000                 2706.500000
0.995800               100.200000                 2741.800000
1.001800               101.270000                 2757.100000
1.007900               101.960000                 2784.400000
1.013900               102.790000                 2827.800000
1.020000               103.710000                 2847.100000
1.026000               103.480000                 2865.600000
1.032100               104.320000                 2908.200000
1.038100               104.930000                 2937.100000
1.044200               105.310000                 2951.600000
1.050200               106.300000                 2990.900000
1.056300               106.680000                 3027.100000
1.062300               107.370000                 3040.800000
1.068400               107.970000                 3072.100000
1.074400               108.810000                 3113.900000
1.080500               109.190000                 3131.500000
1.086500               109.800000                 3155.700000
1.092600               110.340000                 3198.200000
1.098600               110.640000                 3224.000000
1.104700               111.020000                 3240.800000
1.110700               111.780000                 3283.400000
1.116800               112.090000                 3317.200000
1.122800               113.390000                 3333.300000
1.128900               113.610000                 3367.000000
1.134900               114.300000                 3408.000000
1.141000               114.990000                 3424.900000
1.147000               115.750000                 3450.600000
1.153100               116.130000                 3496.400000
1.159100               116.890000                 3520.500000
1.165200               117.500000                 3538.200000
1.171300               117.810000                 3582.400000
1.177300               119.020000                 3617.700000
1.183400               119.020000                 3630.600000
1.189400               120.470000                 3670.000000
1.195500               120.620000                 3709.300000
1.201500               121.460000                 3727.800000
1.207600               122.000000                 3755.900000
1.213600               122.680000                 3800.100000
1.219700               122.450000                 3821.800000
1.225700               123.750000                 3843.500000
1.231800               124.210000                 3888.500000
1.237800               124.740000                 3919.100000
1.243900               125.420000                 3935.900000
1.249900               125.810000                 3975.300000
1.256000               126.420000                 4016.300000
1.262000               126.190000                 4030.800000
1.268100               127.640000                 4063.700000
1.274100               128.630000                 4108.700000
1.280200               129.460000                 4131.200000
1.286200               129.540000                 4153.700000
1.292300               130.450000                 4199.500000
1.298300               131.140000                 4228.400000
1.304400               130.680000                 4244.500000
1.310400               132.440000                 4288.700000
1.316500               132.660000                 4327.300000
1.322500               132.970000                 4342.600000
1.328600               134.110000                 4378.700000
1.334600               134.870000                 4422.100000
1.340700               135.480000                 4440.600000
1.346700               135.560000                 4464.700000
1.352800               136.170000                 4513.700000
1.358900               137.010000                 4538.600000
1.364900               137.310000                 4556.300000
1.371000               138.230000                 4604.500000
1.377000               138.610000                 4639.100000
1.383100               139.140000                 4654.300000
1.389100               139.900000                 4692.900000
1.395200               139.980000                 4734.700000
1.401200               140.740000                 4751.600000
1.407300               141.810000                 4779.700000
1.413300               142.340000                 4828.700000
1.419400               142.040000                 4848.800000
1.425400               143.790000                 4872.100000
1.431500               144.470000                 4917.900000
1.437500               144.250000                 4952.500000
1.443600               145.010000                 4967.700000
1.449600               146.380000                 5010.300000
1.455700               146.760000                 5052.100000
1.461700               146.300000                 5065.000000
1.467800               147.750000                 5097.900000
1.473800               148.130000                 5142.900000
1.479900               149.350000                 5168.600000
1.485900               149.430000                 5187.100000
1.492000               149.730000                 5204.800000
1.498000               149.280000                 5174.200000
1.504100               148.590000                 5130.000000
1.510100               147.980000                 5107.500000
1.516200               146.990000                 5085.900000
1.522200               146.300000                 5037.600000
1.528300               146.230000                 5008.700000
1.534300               145.920000                 4992.600000
1.540400               144.470000                 4948.500000
1.546400               144.320000                 4907.500000
1.552500               143.560000                 4891.400000
1.558600               142.570000                 4858.400000
1.564600               142.040000                 4811.000000
1.570700               141.960000                 4791.800000
1.576700               140.970000                 4766.000000
1.582800               140.740000                 4718.600000
1.588800               139.750000                 4688.900000
1.594900               139.290000                 4670.400000
1.600900               138.990000                 4626.200000
1.607000               138.300000                 4585.200000
1.613000               137.620000                 4571.600000
1.619100               136.850000                 4531.400000
1.625100               136.170000                 4484.000000
1.631200               136.320000                 4467.900000
1.637200               135.180000                 4439.800000
1.643300               134.720000                 4389.100000
1.649300               133.880000                 4360.200000
1.655400               133.120000                 4340.100000
1.661400               132.660000                 4293.500000
1.667500               132.510000                 4255.800000
1.673500               131.750000                 4240.500000
1.679600               130.380000                 4198.700000
1.685600               130.230000                 4153.700000
1.691700               129.080000                 4132.800000
1.697700               129.160000                 4104.700000
1.703800               128.700000                 4055.700000
1.709800               128.020000                 4030.000000
1.715900               127.330000                 4006.600000
1.721900               127.180000                 3960.000000
1.728000               126.110000                 3923.900000
1.734000               126.340000                 3907.000000
1.740100               125.500000                 3864.400000
1.746200               123.980000                 3817.000000
1.752200               123.670000                 3801.700000
1.758300               123.220000                 3768.800000
1.764300               122.760000                 3721.400000
1.770400               121.390000                 3694.900000
1.776400               121.690000                 3674.000000
1.782500               120.320000                 3621.700000
1.788500               119.790000                 3592.800000
1.794600               119.410000                 3572.700000
1.800600               118.870000                 3529.300000
1.806700               118.420000                 3486.700000
1.812700               117.730000                 3471.500000
1.818800               117.350000                 3432.900000
1.824800               116.890000                 3388.700000
1.830900               115.440000                 3365.400000
1.836900               115.210000                 3338.900000
1.843000               114.380000                 3289.900000
1.849000               114.000000                 3263.300000
1.855100               112.930000                 3241.600000
1.861100               113.000000                 3197.400000
1.867200               111.710000                 3158.100000
1.873200               111.250000                 3141.200000
1.879300               111.250000                 3103.400000
1.885300               110.800000                 3058.400000
1.891400               109.580000                 3038.300000
1.897400               109.190000                 3009.400000
1.903500               108.280000                 2962.000000
1.909500               107.590000                 2937.900000
1.915600               107.140000                 2916.200000
1.921600               106.300000                 2868.000000
1.927700               106.150000                 2833.400000
1.933800               105.080000                 2816.500000
1.939800               105.000000                 2777.200000
1.945900               104.170000                 2733.800000
1.951900               103.780000                 2716.100000
1.958000               103.480000                 2687.200000
1.964000               102.870000                 2639.800000
1.970100               101.960000                 2615.700000
1.976100               100.660000                 2591.500000
1.982200               100.890000                 2547.300000
1.988200               99.822000                 2514.400000
1.994300               99.822000                 2497.500000
2.000300               99.593000                 2457.300000
2.006400               98.374000                 2415.600000
2.012400               97.765000                 2401.100000
2.018500               97.536000                 2366.500000
2.024500               96.393000                 2319.900000
2.030600               95.174000                 2298.200000
2.036600               94.869000                 2275.700000
2.042700               94.793000                 2229.900000
2.048700               93.878000                 2200.200000
2.054800               93.574000                 2184.100000
2.060800               92.659000                 2139.900000
2.066900               92.202000                 2102.200000
2.072900               91.440000                 2088.500000
2.079000               91.516000                 2052.300000
2.085000               90.297000                 2007.300000
2.091100               89.916000                 1991.300000
2.097100               88.773000                 1964.700000
2.103200               88.544000                 1918.200000
2.109200               87.782000                 1894.000000
2.115300               87.554000                 1876.400000
2.121300               87.020000                 1831.400000
2.127400               85.954000                 1795.200000
2.133500               85.420000                 1782.300000
2.139500               84.582000                 1743.800000
2.145600               84.963000                 1702.800000
2.151600               83.744000                 1685.900000
2.157700               83.287000                 1659.400000
2.163700               82.296000                 1613.600000
2.169800               81.915000                 1591.900000
2.175800               81.229000                 1572.600000
2.181900               80.467000                 1527.600000
2.187900               79.781000                 1496.300000
2.194000               79.629000                 1483.400000
2.200000               79.096000                 1445.600000
2.206100               78.181000                 1405.500000
2.212100               76.886000                 1389.400000
2.218200               76.886000                 1360.500000
2.224200               76.505000                 1317.100000
2.230300               75.667000                 1300.200000
2.236300               75.209000                 1277.700000
2.242400               74.524000                 1231.900000
2.248400               73.914000                 1206.200000
2.254500               73.381000                 1190.900000
2.260500               72.542000                 1149.900000
2.266600               72.161000                 1113.000000
2.272600               71.247000                 1101.700000
2.278700               71.171000                 1068.800000
2.284700               70.866000                 1028.600000
2.290800               69.799000                 1013.300000
2.296800               68.809000                 988.400000
2.302900               68.961000                 945.010000
2.308900               68.047000                 923.310000
2.315000               67.513000                 906.440000
2.321100               66.599000                 864.650000
2.327100               66.065000                 830.100000
2.333200               65.532000                 819.650000
2.339200               65.532000                 786.700000
2.345300               64.389000                 745.720000
2.351300               63.703000                 731.260000
2.357400               63.094000                 708.760000
2.363400               61.798000                 662.950000
2.369500               62.103000                 645.270000
2.375500               60.884000                 628.400000
2.381600               60.350000                 586.610000
2.387600               60.046000                 558.490000
2.393700               59.360000                 545.630000
2.399700               59.360000                 510.270000
2.405800               58.141000                 472.510000
2.411800               57.379000                 460.450000
2.417900               56.769000                 433.930000
2.423900               56.998000                 392.950000
2.430000               55.702000                 376.880000
2.436000               55.550000                 359.200000
2.442100               54.331000                 315.000000
2.448100               53.645000                 290.090000
2.454200               53.645000                 278.040000
2.460200               52.959000                 242.680000
2.466300               52.426000                 206.520000
2.472300               51.511000                 196.070000
2.478400               51.511000                 168.750000
2.484400               50.444000                 127.770000
2.490500               49.835000                 113.300000
2.496500               49.225000                 92.410000
2.502600               48.692000                 51.430000
2.508700               48.158000                 29.730000
2.514700               47.473000                 16.880000
2.520800               46.863000                 -22.500000
2.526800               46.330000                 -53.040000
2.532900               45.110000                 -61.880000
2.538900               44.806000                 -94.820000
2.545000               44.272000                 -133.390000
2.551000               43.739000                 -144.640000
2.557100               42.824000                 -165.540000
2.563100               42.596000                 -207.320000
2.569200               41.910000                 -227.410000
2.575200               41.224000                 -241.070000
2.581300               39.929000                 -282.060000
2.587300               40.005000                 -310.990000
2.593400               39.167000                 -319.820000
2.599400               39.091000                 -352.770000
2.605500               38.329000                 -390.540000
2.611500               37.643000                 -401.790000
2.617600               36.728000                 -426.700000
2.623600               36.652000                 -467.680000
2.629700               35.966000                 -485.360000
2.635700               35.128000                 -500.630000
2.641800               35.281000                 -540.010000
2.647800               33.833000                 -569.740000
2.653900               33.452000                 -580.180000
2.659900               32.537000                 -615.540000
2.666000               32.080000                 -652.510000
2.672000               32.156000                 -662.950000
2.678100               31.090000                 -689.470000
2.684100               30.556000                 -730.450000
2.690200               29.642000                 -745.720000
2.696200               28.956000                 -763.400000
2.702300               28.499000                 -805.190000
2.708400               27.813000                 -830.100000
2.714400               27.508000                 -842.150000
2.720500               26.365000                 -881.530000
2.726500               26.137000                 -915.280000
2.732600               25.603000                 -924.120000
2.738600               25.146000                 -953.850000
2.744700               24.765000                 -993.220000
2.750700               23.698000                 -1008.500000
2.756800               23.393000                 -1027.000000
2.762800               22.860000                 -1070.400000
2.768900               21.946000                 -1092.100000
2.774900               21.488000                 -1104.900000
2.781000               20.955000                 -1145.100000
2.787000               20.117000                 -1177.200000
2.793100               19.507000                 -1187.700000
2.799100               19.279000                 -1219.000000
2.805200               18.212000                 -1259.200000
2.811200               17.831000                 -1270.500000
2.817300               17.069000                 -1293.000000
2.823300               16.688000                 -1336.300000
2.829400               15.545000                 -1356.400000
2.835400               15.545000                 -1370.100000
2.841500               15.164000                 -1409.500000
2.847500               14.021000                 -1441.600000
2.853600               13.411000                 -1451.300000
2.859600               13.259000                 -1485.800000
2.865700               12.192000                 -1523.600000
2.871700               11.963000                 -1535.600000
2.877800               11.201000                 -1559.700000
2.883800               10.897000                 -1600.700000
2.889900               9.601200                 -1619.200000
2.896000               9.220200                 -1635.300000
2.902000               8.077200                 -1678.700000
2.908100               8.001000                 -1704.400000
2.914100               7.772400                 -1714.800000
2.920200               7.848600                 -1751.000000
2.926200               6.248400                 -1788.800000
2.932300               5.562600                 -1799.200000
2.938300               5.105400                 -1825.700000
2.944400               4.343400                 -1867.500000
2.950400               3.505200                 -1884.400000
2.956500               3.505200                 -1900.500000
2.962500               2.209800                 -1945.500000
2.968600               1.981200                 -1969.600000
2.974600               0.990600                 -1977.600000
2.980700               1.219200                 -2016.200000
2.986700               -0.076200                 -2051.500000
2.992800               -0.076200                 -2058.800000
2.998800               -1.371600                 -2093.300000
3.004900               -1.295400                 -2131.900000
3.010900               -1.676400                 -2144.800000
3.017000               -2.743200                 -2166.500000
3.023000               -2.971800                 -2209.800000
3.029100               -4.114800                 -2232.300000
3.035100               -4.572000                 -2245.200000
3.041200               -5.029200                 -2285.400000
3.047200               -6.019800                 -2319.900000
3.053300               -6.400800                 -2328.800000
3.059300               -6.248400                 -2360.100000
3.065400               -7.543800                 -2401.100000
3.071400               -8.382000                 -2413.100000
3.077500               -8.610600                 -2434.800000
3.083600               -9.220200                 -2477.400000
3.089600               -9.982200                 -2496.700000
3.095700               -11.201000                 -2515.200000
3.101700               -11.278000                 -2553.000000
3.107800               -12.040000                 -2586.700000
3.113800               -12.497000                 -2594.000000
3.119900               -13.183000                 -2630.900000
3.125900               -13.335000                 -2668.700000
3.132000               -14.021000                 -2682.400000
3.138000               -14.402000                 -2708.100000
3.144100               -15.773000                 -2750.600000
3.150100               -15.926000                 -2765.900000
3.156200               -16.612000                 -2780.400000
3.162200               -17.297000                 -2821.400000
3.168300               -17.983000                 -2851.900000
3.174300               -18.745000                 -2862.400000
3.180400               -18.288000                 -2896.900000
3.186400               -19.660000                 -2935.500000
3.192500               -19.964000                 -2949.100000
3.198500               -21.107000                 -2974.100000
3.204600               -21.793000                 -3016.600000
3.210600               -22.479000                 -3033.500000
3.216700               -22.479000                 -3050.400000
3.222700               -23.698000                 -3096.200000
3.228800               -24.232000                 -3123.500000
3.234800               -24.384000                 -3136.400000
3.240900               -24.917000                 -3172.500000
3.246900               -25.679000                 -3211.100000
3.253000               -26.213000                 -3222.400000
3.259000               -27.203000                 -3254.500000
3.265100               -27.127000                 -3296.300000
3.271100               -28.042000                 -3314.000000
3.277200               -29.032000                 -3333.300000
3.283300               -29.566000                 -3378.200000
3.289300               -30.023000                 -3403.200000
3.295400               -30.861000                 -3418.400000
3.301400               -30.785000                 -3457.000000
3.307500               -31.471000                 -3494.800000
3.313500               -32.537000                 -3506.000000
3.319600               -33.071000                 -3538.200000
3.325600               -33.604000                 -3581.600000
3.331700               -34.290000                 -3598.400000
3.337700               -34.519000                 -3618.500000
3.343800               -35.204000                 -3663.500000
3.349800               -36.043000                 -3690.800000
3.355900               -36.119000                 -3705.300000
3.361900               -37.033000                 -3746.300000
3.368000               -37.871000                 -3784.100000
3.374000               -38.710000                 -3793.700000
3.380100               -39.167000                 -3829.100000
3.386100               -39.853000                 -3873.300000
3.392200               -39.548000                 -3886.100000
3.398200               -40.919000                 -3911.800000
3.404300               -41.148000                 -3957.600000
3.410300               -42.062000                 -3980.900000
3.416400               -42.672000                 -3997.800000
3.422400               -43.282000                 -4041.200000
3.428500               -43.663000                 -4078.200000
3.434500               -44.577000                 -4091.000000
3.440600               -44.806000                 -4128.000000
3.446600               -45.339000                 -4171.400000
3.452700               -46.406000                 -4185.900000
3.458700               -46.939000                 -4210.800000
3.464800               -47.396000                 -4259.800000
3.470900               -48.235000                 -4283.100000
3.476900               -48.539000                 -4300.000000
3.483000               -49.225000                 -4345.000000
3.489000               -49.454000                 -4380.300000
3.495100               -50.140000                 -4392.400000
3.501100               -50.978000                 -4430.900000
3.507200               -51.740000                 -4475.900000
3.513200               -51.892000                 -4489.600000
3.519300               -53.264000                 -4521.700000
3.525300               -53.035000                 -4567.500000
3.531400               -54.331000                 -4591.700000
3.537400               -54.788000                 -4610.900000
3.543500               -55.474000                 -4658.400000
3.549500               -56.083000                 -4689.700000
3.555600               -56.236000                 -4706.600000
3.561600               -57.226000                 -4747.600000
3.567700               -57.836000                 -4790.100000
3.573700               -58.293000                 -4805.400000
3.579800               -58.141000                 -4837.600000
3.585800               -59.360000                 -4884.200000
3.591900               -59.360000                 -4905.900000
3.597900               -60.884000                 -4930.000000
3.604000               -61.570000                 -4979.000000
3.610000               -62.027000                 -5011.100000
3.616100               -62.789000                 -5028.800000
3.622100               -62.560000                 -5071.400000
3.628200               -63.475000                 -5114.800000
3.634200               -64.465000                 -5129.200000
3.640300               -65.303000                 -5165.400000
3.646300               -65.684000                 -5212.800000
3.652400               -65.608000                 -5232.900000
3.658500               -66.523000                 -5258.600000
3.664500               -67.208000                 -5310.900000
3.670600               -68.123000                 -5341.400000
3.676600               -67.894000                 -5358.300000
3.682700               -69.190000                 -5406.500000
3.688700               -69.418000                 -5447.500000
3.694800               -69.342000                 -5460.300000
3.700800               -71.247000                 -5503.700000
3.706900               -71.399000                 -5550.300000
3.712900               -72.390000                 -5571.200000
3.719000               -72.542000                 -5599.400000
3.725000               -72.695000                 -5650.800000
3.731100               -73.762000                 -5680.500000
3.737100               -73.990000                 -5701.400000
3.743200               -74.905000                 -5751.200000
3.749200               -75.667000                 -5793.800000
3.755300               -75.971000                 -5809.900000
3.761300               -77.572000                 -5854.900000
3.767400               -77.343000                 -5902.300000
3.773400               -78.257000                 -5922.400000
3.779500               -78.486000                 -5951.300000
3.785500               -79.248000                 -6007.600000
3.791600               -79.858000                 -6034.900000
3.797600               -80.239000                 -6058.200000
3.803700               -81.610000                 -6111.200000
3.809700               -81.763000                 -6151.400000
3.815800               -82.601000                 -6169.100000
3.821800               -83.058000                 -6214.900000
3.827900               -83.439000                 -6263.900000
3.833900               -84.430000                 -6287.200000
3.840000               -84.277000                 -6320.200000
3.846000               -85.573000                 -6375.600000
3.852100               -85.877000                 -6402.900000
3.858200               -86.792000                 -6430.300000
3.864200               -87.706000                 -6484.100000
3.870300               -87.935000                 -6523.500000
3.876300               -88.240000                 -6542.700000
3.882400               -88.468000                 -6591.000000
3.888400               -89.687000                 -6641.600000
3.894500               -90.526000                 -6663.300000
3.900500               -90.373000                 -6701.100000
3.906600               -91.745000                 -6758.100000
3.912600               -92.507000                 -6787.000000
3.918700               -92.659000                 -6815.200000
3.924700               -93.726000                 -6872.200000
3.930800               -93.955000                 -6910.800000
3.936800               -94.259000                 -6932.500000
3.942900               -95.098000                 -6985.500000
3.948900               -95.555000                 -7034.500000
3.955000               -96.164000                 -7057.000000
3.961000               -97.155000                 -7102.000000
3.967100               -97.612000                 -7158.300000
3.973100               -98.069000                 -7184.000000
3.979200               -98.450000                 -7216.900000
3.985200               -99.593000                 -7278.000000
3.991300               -99.670000                 -7315.000000
3.997300               -100.280000                 -7340.700000
4.003400               -101.420000                 -7397.800000
4.009400               -101.730000                 -7446.800000
4.015500               -102.410000                 -7470.100000
4.021500               -103.560000                 -7520.700000
4.027600               -103.560000                 -7574.600000
4.033600               -104.620000                 -7603.500000
4.039700               -104.700000                 -7638.000000
4.045800               -105.080000                 -7701.500000
4.051800               -106.150000                 -7739.300000
4.057900               -106.150000                 -7766.600000
4.063900               -106.830000                 -7826.900000
4.070000               -107.670000                 -7879.100000
4.076000               -108.810000                 -7904.800000
4.082100               -109.190000                 -7958.700000
4.088100               -109.960000                 -8016.500000
4.094200               -109.650000                 -8041.400000
4.100200               -111.180000                 -8084.800000
4.106300               -111.630000                 -8149.900000
4.112300               -112.010000                 -8185.300000
4.118400               -112.090000                 -8216.600000
4.124400               -113.230000                 -8281.700000
4.130500               -113.690000                 -8332.300000
4.136500               -114.990000                 -8360.500000
4.142600               -115.210000                 -8416.700000
4.148600               -115.370000                 -8474.600000
4.154700               -115.820000                 -8503.500000
4.160700               -116.660000                 -8549.300000
4.166800               -117.350000                 -8616.000000
4.172800               -117.960000                 -8653.000000
4.178900               -119.020000                 -8690.700000
4.184900               -119.100000                 -8753.400000
4.191000               -119.790000                 -8804.000000
4.197000               -119.940000                 -8833.800000
4.203100               -121.230000                 -8896.400000
4.209100               -121.390000                 -8956.700000
4.215200               -122.000000                 -8986.400000
4.221200               -123.220000                 -9037.900000
4.227300               -123.140000                 -9106.200000
4.233400               -124.050000                 -9143.900000
4.239400               -124.740000                 -9183.300000
4.245500               -124.890000                 -9254.000000
4.251500               -125.880000                 -9304.700000
4.257600               -126.950000                 -9337.600000
4.263600               -126.800000                 -9401.100000
4.269700               -127.860000                 -9464.600000
4.275700               -128.020000                 -9495.100000
4.281800               -128.930000                 -9550.500000
4.287800               -129.240000                 -9620.500000
4.293900               -130.450000                 -9659.000000
4.299900               -130.990000                 -9702.400000
4.306000               -131.670000                 -9777.200000
4.312000               -131.750000                 -9823.800000
4.318100               -132.060000                 -9859.900000
4.324100               -133.350000                 -9933.000000
4.330200               -133.660000                 -9993.300000
4.336200               -134.490000                 -10027.000000
4.342300               -135.330000                 -10090.000000
4.348300               -135.870000                 -10159.000000
4.354400               -135.870000                 -10197.000000
4.360400               -137.160000                 -10245.000000
4.366500               -137.160000                 -10322.000000
4.372500               -137.920000                 -10369.000000
4.378600               -138.150000                 -10409.000000
4.384600               -139.370000                 -10483.000000
4.390700               -139.600000                 -10546.000000
4.396700               -140.280000                 -10582.000000
4.402800               -140.890000                 -10647.000000
4.408800               -141.500000                 -10720.000000
4.414900               -141.730000                 -10760.000000
4.420900               -142.800000                 -10813.000000
4.427000               -143.330000                 -10893.000000
4.433100               -144.320000                 -10941.000000
4.439100               -144.930000                 -10984.000000
4.445200               -145.310000                 -11062.000000
4.451200               -145.620000                 -11125.000000
4.457300               -145.920000                 -11159.000000
4.463300               -147.140000                 -11235.000000
4.469400               -147.290000                 -11306.000000
4.475400               -148.210000                 -11347.000000
4.481500               -149.280000                 -11407.000000
4.487500               -149.960000                 -11488.000000
4.493600               -149.660000                 -11528.000000
4.499600               -149.350000                 -11502.000000
4.505700               -148.900000                 -11502.000000
4.511700               -148.360000                 -11477.000000
4.517800               -147.900000                 -11432.000000
4.523800               -146.380000                 -11420.000000
4.529900               -146.230000                 -11407.000000
4.535900               -146.000000                 -11361.000000
4.542000               -145.540000                 -11339.000000
4.548000               -144.780000                 -11332.000000
4.554100               -143.940000                 -11288.000000
4.560100               -143.330000                 -11250.000000
4.566200               -142.650000                 -11245.000000
4.572200               -142.110000                 -11210.000000
4.578300               -142.190000                 -11167.000000
4.584300               -141.500000                 -11155.000000
4.590400               -139.980000                 -11134.000000
4.596400               -139.830000                 -11082.000000
4.602500               -139.290000                 -11060.000000
4.608500               -138.380000                 -11049.000000
4.614600               -138.530000                 -11000.000000
4.620700               -137.310000                 -10961.000000
4.626700               -136.930000                 -10954.000000
4.632800               -136.020000                 -10913.000000
4.638800               -135.180000                 -10864.000000
4.644900               -134.340000                 -10850.000000
4.650900               -134.420000                 -10829.000000
4.657000               -133.880000                 -10772.000000
4.663000               -133.270000                 -10750.000000
4.669100               -132.590000                 -10733.000000
4.675100               -131.980000                 -10680.000000
4.681200               -131.370000                 -10643.000000
4.687200               -130.680000                 -10630.000000
4.693300               -130.300000                 -10585.000000
4.699300               -129.770000                 -10536.000000
4.705400               -128.630000                 -10520.000000
4.711400               -128.400000                 -10492.000000
4.717500               -127.030000                 -10431.000000
4.723500               -127.640000                 -10411.000000
4.729600               -126.260000                 -10389.000000
4.735600               -126.490000                 -10335.000000
4.741700               -125.810000                 -10296.000000
4.747700               -124.820000                 -10280.000000
4.753800               -124.360000                 -10232.000000
4.759800               -123.370000                 -10181.000000
4.765900               -123.900000                 -10168.000000
4.771900               -122.300000                 -10128.000000
4.778000               -121.690000                 -10071.000000
4.784000               -121.310000                 -10050.000000
4.790100               -120.470000                 -10025.000000
4.796100               -119.710000                 -9963.600000
4.802200               -119.480000                 -9928.200000
4.808300               -118.490000                 -9908.900000
4.814300               -118.340000                 -9856.700000
4.820400               -117.120000                 -9804.500000
4.826400               -116.510000                 -9788.400000
4.832500               -116.510000                 -9748.200000
4.838500               -116.280000                 -9689.600000
4.844600               -114.380000                 -9664.700000
4.850600               -114.380000                 -9635.700000
4.856700               -114.150000                 -9574.700000
4.862700               -113.540000                 -9541.700000
4.868800               -112.320000                 -9519.200000
4.874800               -112.090000                 -9461.300000
4.880900               -111.100000                 -9410.700000
4.886900               -110.640000                 -9395.500000
4.893000               -110.260000                 -9345.600000
4.899000               -109.420000                 -9286.200000
4.905100               -109.730000                 -9267.700000
4.911100               -108.660000                 -9233.100000
4.917200               -107.750000                 -9166.400000
4.923200               -107.440000                 -9136.700000
4.929300               -106.450000                 -9112.600000
4.935300               -105.920000                 -9049.900000
4.941400               -105.540000                 -9003.300000
4.947400               -104.780000                 -8984.800000
4.953500               -104.240000                 -8930.200000
4.959500               -103.780000                 -8872.300000
4.965600               -103.480000                 -8850.600000
4.971600               -102.110000                 -8810.400000
4.977700               -102.260000                 -8747.000000
4.983700               -100.890000                 -8714.800000
4.989800               -100.580000                 -8689.100000
4.995800               -99.974000                 -8624.800000
5.001900               -99.441000                 -8579.800000
5.008000               -98.831000                 -8558.900000
5.014000               -98.069000                 -8501.900000
5.020100               -97.841000                 -8444.000000
5.026100               -97.155000                 -8423.100000
5.032200               -96.241000                 -8381.300000
5.038200               -95.860000                 -8316.300000
5.044300               -95.098000                 -8286.500000
5.050300               -94.488000                 -8256.000000
5.056400               -94.107000                 -8190.100000
5.062400               -93.574000                 -8146.700000
5.068500               -92.888000                 -8124.200000
5.074500               -91.897000                 -8063.100000
5.080600               -91.364000                 -8004.500000
5.086600               -91.059000                 -7986.000000
5.092700               -90.297000                 -7938.600000
5.098700               -89.764000                 -7872.700000
5.104800               -89.154000                 -7843.700000
5.110800               -88.697000                 -7813.200000
5.116900               -87.706000                 -7744.100000
5.122900               -87.478000                 -7702.300000
5.129000               -87.097000                 -7679.000000
5.135000               -86.030000                 -7614.700000
5.141100               -85.877000                 -7559.300000
5.147100               -84.963000                 -7538.400000
5.153200               -84.506000                 -7487.000000
5.159200               -83.363000                 -7421.100000
5.165300               -83.287000                 -7395.300000
5.171300               -82.448000                 -7359.200000
5.177400               -81.991000                 -7289.300000
5.183400               -80.772000                 -7249.900000
5.189500               -80.543000                 -7224.200000
5.195600               -79.477000                 -7157.500000
5.201600               -79.400000                 -7104.400000
5.207700               -79.019000                 -7084.400000
5.213700               -78.334000                 -7029.700000
5.219800               -77.724000                 -6964.600000
5.225800               -77.038000                 -6939.700000
5.231900               -76.352000                 -6901.200000
5.237900               -75.590000                 -6828.000000
5.244000               -74.905000                 -6792.700000
5.250000               -74.447000                 -6764.500000
5.256100               -74.219000                 -6698.600000
5.262100               -73.609000                 -6645.600000
5.268200               -72.923000                 -6623.900000
5.274200               -72.466000                 -6567.700000
5.280300               -71.171000                 -6501.800000
5.286300               -70.714000                 -6476.800000
5.292400               -70.256000                 -6435.100000
5.298400               -69.952000                 -6366.800000
5.304500               -69.647000                 -6330.600000
5.310500               -68.580000                 -6300.900000
5.316600               -67.589000                 -6231.000000
5.322600               -67.818000                 -6185.200000
5.328700               -66.980000                 -6160.200000
5.334700               -66.599000                 -6100.800000
5.340800               -65.303000                 -6037.300000
5.346800               -65.151000                 -6013.200000
5.352900               -63.932000                 -5965.800000
5.358900               -64.237000                 -5899.100000
5.365000               -63.932000                 -5867.700000
5.371000               -62.713000                 -5833.200000
5.377100               -61.874000                 -5761.700000
5.383200               -61.341000                 -5716.700000
5.389200               -60.503000                 -5689.400000
5.395300               -59.893000                 -5626.700000
5.401300               -59.512000                 -5568.000000
5.407400               -58.750000                 -5543.900000
5.413400               -58.598000                 -5494.100000
5.419500               -57.531000                 -5426.600000
5.425500               -57.150000                 -5396.800000
5.431600               -56.540000                 -5361.500000
5.437600               -55.702000                 -5290.000000
5.443700               -56.236000                 -5250.600000
5.449700               -54.559000                 -5221.700000
5.455800               -53.873000                 -5155.000000
5.461800               -53.721000                 -5099.500000
5.467900               -52.959000                 -5077.000000
5.473900               -52.349000                 -5024.000000
5.480000               -51.511000                 -4955.700000
5.486000               -51.206000                 -4928.400000
5.492100               -50.444000                 -4890.600000
5.498100               -49.606000                 -4818.300000
5.504200               -49.149000                 -4781.300000
5.510200               -48.387000                 -4750.800000
5.516300               -47.854000                 -4684.900000
5.522300               -47.244000                 -4628.600000
5.528400               -46.558000                 -4606.900000
5.534400               -46.406000                 -4551.500000
5.540500               -45.415000                 -4485.600000
5.546500               -44.882000                 -4459.100000
5.552600               -44.348000                 -4420.500000
5.558600               -43.967000                 -4348.200000
5.564700               -43.434000                 -4312.800000
5.570700               -43.129000                 -4283.900000
5.576800               -42.062000                 -4214.800000
5.582900               -41.300000                 -4162.500000
5.588900               -40.843000                 -4140.000000
5.595000               -40.691000                 -4083.000000
5.601000               -39.472000                 -4015.500000
5.607100               -38.862000                 -3990.600000
5.613100               -38.710000                 -3951.200000
5.619200               -38.100000                 -3879.700000
5.625200               -37.338000                 -3845.100000
5.631300               -36.728000                 -3816.200000
5.637300               -36.576000                 -3748.700000
5.643400               -35.433000                 -3696.500000
5.649400               -34.747000                 -3673.200000
5.655500               -34.061000                 -3614.500000
5.661500               -33.680000                 -3552.600000
5.667600               -32.614000                 -3525.300000
5.673600               -32.233000                 -3483.500000
5.679700               -31.547000                 -3412.800000
5.685700               -31.775000                 -3381.500000
5.691800               -30.785000                 -3350.900000
5.697800               -30.556000                 -3281.000000
5.703900               -29.185000                 -3232.800000
5.709900               -28.804000                 -3210.300000
5.716000               -28.118000                 -3148.400000
5.722000               -27.813000                 -3089.800000
5.728100               -26.746000                 -3066.500000
5.734100               -26.365000                 -3018.300000
5.740200               -26.137000                 -2951.600000
5.746200               -24.613000                 -2921.000000
5.752300               -24.308000                 -2888.100000
5.758300               -23.927000                 -2819.000000
5.764400               -24.003000                 -2777.200000
5.770500               -22.631000                 -2750.600000
5.776500               -22.631000                 -2689.600000
5.782600               -21.488000                 -2630.900000
5.788600               -20.498000                 -2609.200000
5.794700               -20.422000                 -2559.400000
5.800700               -19.812000                 -2493.500000
5.806800               -18.898000                 -2466.200000
5.812800               -18.593000                 -2432.400000
5.818900               -18.364000                 -2361.700000
5.824900               -17.450000                 -2323.200000
5.831000               -16.764000                 -2297.400000
5.837000               -16.154000                 -2234.000000
5.843100               -15.773000                 -2178.500000
5.849100               -14.859000                 -2160.000000
5.855200               -14.326000                 -2107.000000
5.861200               -13.640000                 -2041.900000
5.867300               -13.411000                 -2017.800000
5.873300               -12.497000                 -1982.400000
5.879400               -12.192000                 -1911.700000
5.885400               -11.811000                 -1878.000000
5.891500               -10.897000                 -1850.600000
5.897500               -10.135000                 -1787.200000
5.903600               -9.525000                 -1733.300000
5.909600               -9.296400                 -1714.800000
5.915700               -8.001000                 -1660.200000
5.921700               -7.620000                 -1599.100000
5.927800               -7.162800                 -1574.200000
5.933800               -6.553200                 -1539.700000
5.939900               -5.029200                 -1468.100000
5.945900               -5.334000                 -1436.000000
5.952000               -4.876800                 -1410.300000
5.958100               -4.267200                 -1347.600000
5.964100               -2.971800                 -1296.200000
5.970200               -2.590800                 -1276.900000
5.976200               -2.667000                 -1223.900000
5.982300               -1.524000                 -1163.600000
5.988300               -1.371600                 -1141.100000
5.994400               -0.304800                 -1101.700000
6.000400               0.381000                 -1033.400000


Цикл № 2
Шаг  № 1
Точек  993
Циклическая потенцио. развертка, Скорость развертки 100,12 мВ/с.
Время, с.              Потенциал, мВ            Ток, мкА
0.006100               0.381000                 -1005.300000
0.012100               1.447800                 -977.150000
0.018200               2.286000                 -916.880000
0.024200               3.200400                 -869.470000
0.030300               3.429000                 -852.600000
0.036300               3.505200                 -797.150000
0.042400               4.191000                 -739.290000
0.048400               4.419600                 -719.200000
0.054500               5.029200                 -678.220000
0.060500               6.934200                 -611.520000
0.066600               7.315200                 -582.600000
0.072600               7.391400                 -555.270000
0.078700               8.077200                 -490.990000
0.084700               8.458200                 -451.610000
0.090800               9.144000                 -430.720000
0.096800               9.448800                 -373.660000
0.102900               11.125000                 -315.810000
0.108900               10.973000                 -300.540000
0.115000               11.506000                 -256.340000
0.121000               12.573000                 -192.860000
0.127100               12.725000                 -170.360000
0.133100               13.487000                 -140.630000
0.139200               13.945000                 -74.730000
0.145200               15.011000                 -39.380000
0.151300               15.545000                 -18.480000
0.157300               16.078000                 41.790000
0.163400               16.459000                 89.200000
0.169400               17.297000                 106.880000
0.175500               17.755000                 155.090000
0.181500               18.136000                 213.750000
0.187600               19.050000                 235.450000
0.193700               19.660000                 270.000000
0.199700               19.507000                 334.290000
0.205800               21.107000                 364.830000
0.211800               21.031000                 384.910000
0.217900               21.336000                 446.790000
0.223900               22.327000                 491.790000
0.230000               22.860000                 508.670000
0.236000               23.927000                 562.510000
0.242100               24.765000                 617.150000
0.248100               24.917000                 635.630000
0.254200               25.375000                 671.790000
0.260200               26.060000                 734.470000
0.266300               26.899000                 760.990000
0.272300               27.203000                 785.900000
0.278400               27.737000                 847.780000
0.284400               29.108000                 887.960000
0.290500               28.575000                 904.030000
0.296500               29.718000                 961.080000
0.302600               30.632000                 1012.500000
0.308600               30.861000                 1027.000000
0.314700               31.547000                 1071.200000
0.320700               32.080000                 1129.000000
0.326800               32.233000                 1149.100000
0.332800               33.299000                 1178.100000
0.338900               34.061000                 1241.500000
0.344900               34.366000                 1273.700000
0.351000               35.204000                 1293.800000
0.357000               35.890000                 1351.600000
0.363100               35.966000                 1397.400000
0.369100               36.805000                 1412.700000
0.375200               37.567000                 1460.100000
0.381200               38.329000                 1515.500000
0.387300               38.710000                 1534.800000
0.393400               39.548000                 1567.000000
0.399400               39.548000                 1627.300000
0.405500               40.996000                 1655.400000
0.411500               41.072000                 1676.300000
0.417600               41.681000                 1734.100000
0.423600               42.215000                 1777.500000
0.429700               42.672000                 1791.200000
0.435700               43.967000                 1841.800000
0.441800               43.967000                 1894.000000
0.447800               44.958000                 1912.500000
0.453900               45.263000                 1946.300000
0.459900               46.025000                 2005.700000
0.466000               46.482000                 2031.400000
0.472000               47.549000                 2054.700000
0.478100               47.244000                 2111.800000
0.484100               48.463000                 2151.200000
0.490200               49.301000                 2168.900000
0.496200               49.682000                 2219.500000
0.502300               50.140000                 2269.300000
0.508300               50.902000                 2285.400000
0.514400               51.511000                 2325.600000
0.520400               51.664000                 2381.800000
0.526500               52.502000                 2403.500000
0.532500               53.340000                 2430.000000
0.538600               54.407000                 2491.900000
0.544600               54.864000                 2523.200000
0.550700               54.940000                 2541.700000
0.556700               55.778000                 2596.400000
0.562800               56.083000                 2641.400000
0.568800               57.379000                 2657.400000
0.574900               57.226000                 2699.200000
0.581000               57.760000                 2753.900000
0.587000               59.817000                 2774.800000
0.593100               59.284000                 2801.300000
0.599100               60.274000                 2863.200000
0.605200               60.808000                 2889.700000
0.611200               61.341000                 2910.600000
0.617300               62.408000                 2965.200000
0.623300               62.027000                 3007.800000
0.629400               62.789000                 3019.800000
0.635400               63.779000                 3067.300000
0.641500               64.084000                 3119.500000
0.647500               64.618000                 3137.200000
0.653600               65.380000                 3169.300000
0.659600               66.370000                 3228.800000
0.665700               66.523000                 3252.900000
0.671700               67.208000                 3273.800000
0.677800               67.970000                 3331.600000
0.683800               68.885000                 3371.000000
0.689900               69.190000                 3383.900000
0.695900               69.799000                 3434.500000
0.702000               70.333000                 3484.300000
0.708000               70.714000                 3499.600000
0.714100               71.628000                 3535.800000
0.720100               72.390000                 3593.600000
0.726200               72.085000                 3613.700000
0.732200               73.000000                 3638.600000
0.738300               73.990000                 3698.100000
0.744300               74.524000                 3731.800000
0.750400               74.981000                 3747.900000
0.756400               76.048000                 3799.300000
0.762500               76.429000                 3847.500000
0.768600               77.648000                 3862.800000
0.774600               77.800000                 3904.600000
0.780700               78.791000                 3957.600000
0.786700               78.486000                 3974.500000
0.792800               79.248000                 4002.600000
0.798800               80.010000                 4062.900000
0.804900               80.620000                 4091.800000
0.810900               81.382000                 4109.500000
0.817000               81.991000                 4165.000000
0.823000               82.372000                 4209.200000
0.829100               83.363000                 4222.800000
0.835100               83.668000                 4267.000000
0.841200               84.430000                 4320.900000
0.847200               84.963000                 4336.900000
0.853300               85.115000                 4366.600000
0.859300               86.639000                 4427.700000
0.865400               87.249000                 4451.800000
0.871400               86.716000                 4469.500000
0.877500               87.401000                 4525.800000
0.883500               87.859000                 4565.900000
0.889600               89.002000                 4581.200000
0.895600               89.459000                 4628.600000
0.901700               89.535000                 4677.600000
0.907700               90.983000                 4696.100000
0.913800               91.211000                 4727.500000
0.919800               91.669000                 4784.500000
0.925900               92.964000                 4808.600000
0.931900               93.116000                 4830.300000
0.938000               94.031000                 4887.400000
0.944000               94.031000                 4921.900000
0.950100               94.869000                 4938.800000
0.956100               95.860000                 4989.400000
0.962200               96.241000                 5036.000000
0.968300               97.307000                 5051.300000
0.974300               97.460000                 5087.500000
0.980400               98.374000                 5144.500000
0.986400               99.365000                 5164.600000
0.992500               99.365000                 5187.900000
0.998500               100.130000                 5245.800000
1.004600               100.740000                 5277.100000
1.010600               101.040000                 5293.200000
1.016700               101.500000                 5344.600000
1.022700               101.730000                 5388.800000
1.028800               103.100000                 5402.500000
1.034800               103.860000                 5445.100000
1.040900               104.240000                 5498.100000
1.046900               105.000000                 5516.600000
1.053000               105.840000                 5543.100000
1.059000               106.150000                 5601.000000
1.065100               106.450000                 5625.900000
1.071100               107.900000                 5646.800000
1.077200               107.290000                 5699.800000
1.083200               108.430000                 5741.600000
1.089300               109.270000                 5754.400000
1.095300               109.730000                 5798.600000
1.101400               110.570000                 5849.300000
1.107400               111.180000                 5864.500000
1.113500               111.630000                 5894.300000
1.119500               111.560000                 5951.300000
1.125600               112.930000                 5977.000000
1.131600               112.850000                 5993.100000
1.137700               114.000000                 6047.700000
1.143700               114.300000                 6087.100000
1.149800               115.370000                 6100.000000
1.155900               115.750000                 6146.600000
1.161900               116.510000                 6195.600000
1.168000               116.200000                 6206.900000
1.174000               117.420000                 6242.200000
1.180100               117.880000                 6296.900000
1.186100               118.420000                 6316.100000
1.192200               119.480000                 6339.400000
1.198200               120.240000                 6394.100000
1.204300               120.320000                 6427.000000
1.210300               121.080000                 6441.500000
1.216400               122.380000                 6488.900000
1.222400               122.220000                 6533.100000
1.228500               122.680000                 6545.200000
1.234500               123.440000                 6581.300000
1.240600               123.440000                 6631.900000
1.246600               124.510000                 6651.200000
1.252700               125.580000                 6674.500000
1.258700               125.960000                 6730.000000
1.264800               126.110000                 6758.100000
1.270800               127.180000                 6774.200000
1.276900               127.790000                 6826.400000
1.282900               128.850000                 6869.800000
1.289000               129.080000                 6881.100000
1.295000               129.390000                 6920.400000
1.301100               130.380000                 6974.300000
1.307100               130.760000                 6987.900000
1.313200               131.440000                 7012.800000
1.319200               132.590000                 7070.700000
1.325300               132.360000                 7091.600000
1.331300               133.880000                 7112.500000
1.337400               134.110000                 7160.700000
1.343500               134.720000                 7203.300000
1.349500               135.330000                 7209.700000
1.355600               135.410000                 7250.700000
1.361600               136.700000                 7300.500000
1.367700               136.630000                 7314.200000
1.373700               137.620000                 7341.500000
1.379800               138.300000                 7397.000000
1.385800               138.230000                 7415.400000
1.391900               139.750000                 7434.700000
1.397900               140.130000                 7485.400000
1.404000               140.360000                 7519.100000
1.410000               141.580000                 7532.000000
1.416100               141.960000                 7573.700000
1.422100               143.100000                 7619.600000
1.428200               143.260000                 7630.800000
1.434200               143.330000                 7661.300000
1.440300               144.400000                 7712.000000
1.446300               144.630000                 7729.600000
1.452400               145.160000                 7748.100000
1.458400               146.150000                 7802.800000
1.464500               146.690000                 7830.900000
1.470500               147.220000                 7842.900000
1.476600               147.680000                 7887.100000
1.482600               148.590000                 7931.300000
1.488700               148.360000                 7941.000000
1.494700               149.960000                 7976.300000
1.500800               149.200000                 7988.400000
1.506800               148.740000                 7921.700000
1.512900               148.280000                 7857.400000
1.518900               147.520000                 7827.700000
1.525000               147.290000                 7769.800000
1.531000               146.460000                 7698.300000
1.537100               146.230000                 7663.700000
1.543200               146.000000                 7620.400000
1.549200               144.930000                 7541.600000
1.555300               144.170000                 7495.000000
1.561300               143.710000                 7460.400000
1.567400               142.570000                 7386.500000
1.573400               142.260000                 7328.600000
1.579500               141.810000                 7297.300000
1.585500               141.500000                 7238.600000
1.591600               140.510000                 7167.100000
1.597600               140.360000                 7135.000000
1.603700               138.760000                 7087.600000
1.609700               138.300000                 7012.800000
1.615800               138.150000                 6971.900000
1.621800               137.770000                 6933.300000
1.627900               137.010000                 6863.400000
1.633900               136.470000                 6806.300000
1.640000               136.320000                 6777.400000
1.646000               134.950000                 6713.100000
1.652100               135.030000                 6647.200000
1.658100               133.270000                 6611.900000
1.664200               133.660000                 6566.900000
1.670200               133.120000                 6495.300000
1.676300               132.060000                 6454.300000
1.682300               131.140000                 6415.800000
1.688400               130.910000                 6345.900000
1.694400               130.680000                 6294.400000
1.700500               129.620000                 6262.300000
1.706500               129.160000                 6198.800000
1.712600               128.320000                 6136.100000
1.718600               128.550000                 6107.200000
1.724700               127.180000                 6055.000000
1.730800               126.340000                 5983.500000
1.736800               126.030000                 5948.900000
1.742900               125.960000                 5911.100000
1.748900               124.740000                 5839.600000
1.755000               124.050000                 5792.200000
1.761000               123.600000                 5762.500000
1.767100               122.530000                 5696.600000
1.773100               122.300000                 5637.100000
1.779200               122.220000                 5611.400000
1.785200               121.310000                 5555.200000
1.791300               120.240000                 5488.500000
1.797300               120.320000                 5457.900000
1.803400               119.480000                 5416.900000
1.809400               118.870000                 5347.000000
1.815500               117.960000                 5305.200000
1.821500               117.580000                 5272.300000
1.827600               116.590000                 5206.400000
1.833600               116.430000                 5151.700000
1.839700               115.820000                 5126.000000
1.845700               115.440000                 5070.600000
1.851800               114.610000                 5007.900000
1.857800               114.220000                 4976.600000
1.863900               112.780000                 4933.200000
1.869900               112.700000                 4865.700000
1.876000               112.550000                 4828.700000
1.882000               110.950000                 4795.000000
1.888100               110.640000                 4732.300000
1.894100               110.720000                 4679.200000
1.900200               110.340000                 4657.500000
1.906200               109.350000                 4598.900000
1.912300               108.510000                 4537.000000
1.918400               108.130000                 4508.900000
1.924400               107.440000                 4467.100000
1.930500               107.370000                 4403.600000
1.936500               106.070000                 4365.100000
1.942600               105.460000                 4333.700000
1.948600               104.780000                 4269.400000
1.954700               104.320000                 4221.200000
1.960700               103.860000                 4195.500000
1.966800               103.940000                 4142.500000
1.972800               102.410000                 4081.400000
1.978900               102.180000                 4055.700000
1.984900               101.120000                 4008.300000
1.991000               100.580000                 3947.200000
1.997000               99.974000                 3916.700000
2.003100               99.670000                 3882.900000
2.009100               98.222000                 3817.000000
2.015200               97.993000                 3776.800000
2.021200               98.069000                 3751.900000
2.027300               97.688000                 3693.200000
2.033300               96.622000                 3638.600000
2.039400               96.164000                 3616.900000
2.045400               95.479000                 3567.900000
2.051500               94.183000                 3506.800000
2.057500               94.488000                 3481.100000
2.063600               93.574000                 3444.900000
2.069600               92.202000                 3379.900000
2.075700               92.050000                 3345.300000
2.081700               91.211000                 3316.400000
2.087800               90.678000                 3256.900000
2.093800               90.526000                 3210.300000
2.099900               89.535000                 3186.200000
2.105900               89.078000                 3138.000000
2.112000               88.468000                 3080.900000
2.118100               87.935000                 3056.000000
2.124100               87.706000                 3020.700000
2.130200               87.020000                 2956.400000
2.136200               85.877000                 2924.200000
2.142300               85.649000                 2897.700000
2.148300               84.734000                 2837.400000
2.154400               84.125000                 2791.600000
2.160400               83.515000                 2772.300000
2.166500               83.287000                 2720.900000
2.172500               82.601000                 2666.300000
2.178600               81.534000                 2643.800000
2.184600               81.382000                 2604.400000
2.190700               80.696000                 2544.100000
2.196700               79.705000                 2516.000000
2.202800               79.248000                 2488.700000
2.208800               78.562000                 2429.200000
2.214900               78.334000                 2389.900000
2.220900               78.029000                 2368.900000
2.227000               77.495000                 2314.300000
2.233000               76.733000                 2264.500000
2.239100               76.048000                 2244.400000
2.245100               75.590000                 2201.800000
2.251200               73.685000                 2142.300000
2.257200               73.685000                 2120.600000
2.263300               73.381000                 2090.900000
2.269300               72.847000                 2030.700000
2.275400               72.314000                 1997.700000
2.281400               72.009000                 1976.000000
2.287500               70.485000                 1920.600000
2.293500               70.333000                 1874.000000
2.299600               70.104000                 1857.100000
2.305700               68.885000                 1810.500000
2.311700               68.961000                 1758.200000
2.317800               67.285000                 1734.900000
2.323800               67.666000                 1705.200000
2.329900               66.446000                 1645.700000
2.335900               66.218000                 1616.000000
2.342000               65.456000                 1594.300000
2.348000               64.618000                 1538.900000
2.354100               64.465000                 1498.700000
2.360100               63.246000                 1477.800000
2.366200               63.170000                 1432.800000
2.372200               62.560000                 1382.200000
2.378300               61.493000                 1361.300000
2.384300               61.417000                 1329.100000
2.390400               61.265000                 1272.900000
2.396400               59.817000                 1247.200000
2.402500               59.969000                 1223.000000
2.408500               59.360000                 1170.800000
2.414600               58.217000                 1131.400000
2.420600               57.531000                 1112.100000
2.426700               56.540000                 1065.500000
2.432700               56.540000                 1018.100000
2.438800               55.550000                 999.650000
2.444800               55.093000                 962.690000
2.450900               54.864000                 911.260000
2.456900               54.178000                 888.760000
2.463000               53.340000                 863.040000
2.469000               52.578000                 806.790000
2.475100               52.349000                 777.060000
2.481100               51.892000                 756.170000
2.487200               51.359000                 707.950000
2.493300               50.368000                 663.760000
2.499300               49.378000                 648.490000
2.505400               49.530000                 609.920000
2.511400               48.692000                 557.680000
2.517500               48.158000                 539.200000
2.523500               47.320000                 510.270000
2.529600               46.711000                 456.430000
2.535600               46.253000                 429.920000
2.541700               45.872000                 410.630000
2.547700               45.034000                 359.200000
2.553800               44.120000                 317.410000
2.559800               43.663000                 302.950000
2.565900               43.663000                 261.970000
2.571900               42.139000                 213.750000
2.578000               41.834000                 196.880000
2.584000               40.919000                 166.340000
2.590100               40.386000                 112.500000
2.596100               39.929000                 90.000000
2.602200               39.929000                 70.720000
2.608200               38.862000                 17.680000
2.614300               38.329000                 -15.270000
2.620300               37.490000                 -32.140000
2.626400               37.643000                 -73.930000
2.632400               36.195000                 -121.340000
2.638500               35.662000                 -135.810000
2.644500               35.433000                 -168.750000
2.650600               34.595000                 -219.380000
2.656600               34.290000                 -238.660000
2.662700               33.680000                 -262.770000
2.668700               32.537000                 -315.000000
2.674800               32.156000                 -343.930000
2.680800               31.394000                 -362.410000
2.686900               31.471000                 -405.000000
2.693000               30.632000                 -447.590000
2.699000               30.251000                 -460.450000
2.705100               28.499000                 -500.630000
2.711100               29.032000                 -545.630000
2.717200               27.508000                 -565.720000
2.723200               27.280000                 -589.830000
2.729300               26.670000                 -642.860000
2.735300               26.213000                 -670.190000
2.741400               25.298000                 -687.060000
2.747400               25.527000                 -732.860000
2.753500               24.155000                 -773.850000
2.759500               23.927000                 -784.290000
2.765600               23.012000                 -824.470000
2.771600               22.860000                 -870.280000
2.777700               22.022000                 -886.350000
2.783700               21.260000                 -912.060000
2.789800               20.803000                 -963.490000
2.795800               20.498000                 -986.800000
2.801900               19.507000                 -1002.900000
2.807900               19.355000                 -1048.700000
2.814000               18.517000                 -1084.800000
2.820000               17.907000                 -1098.500000
2.826100               16.535000                 -1143.500000
2.832100               16.459000                 -1186.900000
2.838200               16.154000                 -1201.300000
2.844200               15.392000                 -1229.500000
2.850300               15.011000                 -1280.100000
2.856300               14.021000                 -1301.000000
2.862400               13.411000                 -1321.900000
2.868400               13.183000                 -1370.900000
2.874500               12.192000                 -1401.400000
2.880600               11.963000                 -1415.900000
2.886600               11.049000                 -1459.300000
2.892700               10.592000                 -1501.100000
2.898700               9.677400                 -1515.500000
2.904800               9.525000                 -1547.700000
2.910800               8.534400                 -1594.300000
2.916900               8.382000                 -1612.800000
2.922900               7.391400                 -1635.300000
2.929000               6.400800                 -1686.700000
2.935000               6.172200                 -1712.400000
2.941100               5.715000                 -1728.500000
2.947100               4.191000                 -1775.900000
2.953200               4.343400                 -1814.500000
2.959200               3.962400                 -1824.900000
2.965300               3.352800                 -1861.900000
2.971300               2.438400                 -1908.500000
2.977400               2.133600                 -1923.800000
2.983400               1.371600                 -1945.500000
2.989500               0.990600                 -1993.700000
2.995500               0.304800                 -2018.600000
3.001600               -0.152400                 -2036.300000
3.007600               -0.228600                 -2082.900000
3.013700               -1.905000                 -2121.400000
3.019700               -1.905000                 -2130.300000
3.025800               -3.048000                 -2172.100000
3.031800               -3.200400                 -2216.300000
3.037900               -4.495800                 -2233.200000
3.043900               -4.724400                 -2258.100000
3.050000               -5.257800                 -2307.900000
3.056000               -5.943600                 -2331.200000
3.062100               -6.248400                 -2346.400000
3.068200               -6.705600                 -2393.900000
3.074200               -7.772400                 -2430.800000
3.080300               -8.229600                 -2443.700000
3.086300               -9.144000                 -2483.900000
3.092400               -9.525000                 -2528.100000
3.098400               -9.982200                 -2543.300000
3.104500               -10.592000                 -2569.900000
3.110500               -11.430000                 -2619.700000
3.116600               -11.735000                 -2641.400000
3.122600               -12.192000                 -2659.100000
3.128700               -12.421000                 -2705.600000
3.134700               -13.868000                 -2742.600000
3.140800               -14.707000                 -2755.500000
3.146800               -15.316000                 -2798.100000
3.152900               -15.392000                 -2840.700000
3.158900               -15.850000                 -2852.700000
3.165000               -16.764000                 -2884.000000
3.171000               -17.297000                 -2933.100000
3.177100               -17.907000                 -2953.200000
3.183100               -18.669000                 -2974.800000
3.189200               -18.974000                 -3022.300000
3.195200               -19.964000                 -3054.400000
3.201300               -19.964000                 -3069.700000
3.207300               -20.345000                 -3111.500000
3.213400               -21.412000                 -3155.700000
3.219400               -22.250000                 -3170.100000
3.225500               -21.946000                 -3201.500000
3.231500               -22.936000                 -3250.500000
3.237600               -23.927000                 -3271.400000
3.243600               -24.232000                 -3292.300000
3.249700               -24.765000                 -3342.900000
3.255700               -25.603000                 -3373.400000
3.261800               -26.441000                 -3389.500000
3.267900               -26.594000                 -3433.700000
3.273900               -27.508000                 -3474.700000
3.280000               -27.813000                 -3488.300000
3.286000               -29.185000                 -3526.900000
3.292100               -29.337000                 -3574.300000
3.298100               -30.099000                 -3592.000000
3.304200               -30.937000                 -3616.100000
3.310200               -31.242000                 -3667.500000
3.316300               -31.471000                 -3695.700000
3.322300               -32.385000                 -3712.500000
3.328400               -33.223000                 -3759.900000
3.334400               -33.604000                 -3800.100000
3.340500               -34.138000                 -3813.000000
3.346500               -34.442000                 -3851.600000
3.352600               -35.204000                 -3900.600000
3.358600               -35.966000                 -3916.700000
3.364700               -36.347000                 -3944.800000
3.370700               -36.881000                 -3996.200000
3.376800               -37.948000                 -4023.500000
3.382800               -38.557000                 -4042.800000
3.388900               -38.557000                 -4090.200000
3.394900               -39.319000                 -4130.400000
3.401000               -39.776000                 -4144.900000
3.407000               -40.538000                 -4185.900000
3.413100               -41.300000                 -4233.300000
3.419100               -41.529000                 -4250.100000
3.425200               -42.443000                 -4279.100000
3.431200               -43.205000                 -4333.700000
3.437300               -44.044000                 -4359.400000
3.443300               -44.120000                 -4378.700000
3.449400               -45.187000                 -4429.300000
3.455500               -45.644000                 -4468.700000
3.461500               -46.253000                 -4484.000000
3.467600               -46.330000                 -4525.800000
3.473600               -47.549000                 -4575.600000
3.479700               -47.701000                 -4592.500000
3.485700               -48.463000                 -4623.800000
3.491800               -49.530000                 -4678.400000
3.497800               -49.682000                 -4701.700000
3.503900               -50.140000                 -4722.600000
3.509900               -50.216000                 -4774.100000
3.516000               -51.740000                 -4814.300000
3.522000               -51.968000                 -4831.900000
3.528100               -52.730000                 -4876.100000
3.534100               -53.492000                 -4925.100000
3.540200               -54.178000                 -4942.800000
3.546200               -54.483000                 -4977.400000
3.552300               -55.245000                 -5030.400000
3.558300               -56.083000                 -5055.300000
3.564400               -56.540000                 -5079.400000
3.570400               -56.998000                 -5132.500000
3.576500               -57.455000                 -5168.600000
3.582500               -58.674000                 -5187.900000
3.588600               -58.903000                 -5236.900000
3.594600               -59.436000                 -5282.700000
3.600700               -59.969000                 -5300.400000
3.606700               -60.731000                 -5339.000000
3.612800               -61.722000                 -5392.800000
3.618800               -61.874000                 -5416.100000
3.624900               -62.179000                 -5442.700000
3.630900               -63.475000                 -5499.700000
3.637000               -63.475000                 -5532.700000
3.643100               -64.313000                 -5555.200000
3.649100               -65.227000                 -5607.400000
3.655200               -65.456000                 -5651.600000
3.661200               -66.294000                 -5670.100000
3.667300               -66.523000                 -5711.900000
3.673300               -67.208000                 -5764.900000
3.679400               -67.437000                 -5788.200000
3.685400               -68.428000                 -5820.300000
3.691500               -69.113000                 -5878.200000
3.697500               -69.723000                 -5909.500000
3.703600               -70.028000                 -5931.200000
3.709600               -71.552000                 -5989.100000
3.715700               -71.552000                 -6033.300000
3.721700               -72.009000                 -6051.000000
3.727800               -73.076000                 -6098.400000
3.733800               -73.457000                 -6153.000000
3.739900               -73.457000                 -6173.100000
3.745900               -74.447000                 -6207.700000
3.752000               -75.362000                 -6267.900000
3.758000               -75.438000                 -6296.900000
3.764100               -76.276000                 -6323.400000
3.770100               -77.114000                 -6380.400000
3.776200               -77.495000                 -6423.800000
3.782200               -77.953000                 -6443.900000
3.788300               -78.638000                 -6492.900000
3.794300               -79.553000                 -6548.400000
3.800400               -80.086000                 -6570.900000
3.806400               -80.924000                 -6608.600000
3.812500               -80.772000                 -6667.300000
3.818500               -81.763000                 -6698.600000
3.824600               -82.448000                 -6725.200000
3.830600               -82.982000                 -6784.600000
3.836700               -83.744000                 -6828.800000
3.842800               -84.277000                 -6850.500000
3.848800               -84.506000                 -6901.200000
3.854900               -85.496000                 -6957.400000
3.860900               -85.954000                 -6979.100000
3.867000               -86.258000                 -7019.300000
3.873000               -87.401000                 -7081.200000
3.879100               -88.316000                 -7112.500000
3.885100               -88.392000                 -7141.400000
3.891200               -88.773000                 -7203.300000
3.897200               -89.383000                 -7245.100000
3.903300               -90.145000                 -7269.200000
3.909300               -90.754000                 -7326.200000
3.915400               -91.592000                 -7380.900000
3.921400               -91.745000                 -7401.800000
3.927500               -92.888000                 -7449.200000
3.933500               -93.040000                 -7508.700000
3.939600               -93.650000                 -7537.600000
3.945600               -94.945000                 -7573.700000
3.951700               -94.869000                 -7636.400000
3.957700               -95.402000                 -7675.800000
3.963800               -96.317000                 -7703.900000
3.969800               -96.469000                 -7761.000000
3.975900               -97.384000                 -7815.600000
3.981900               -97.688000                 -7838.100000
3.988000               -98.603000                 -7890.300000
3.994000               -98.984000                 -7950.600000
4.000100               -100.050000                 -7979.500000
4.006100               -100.660000                 -8015.700000
4.012200               -100.970000                 -8083.200000
4.018200               -101.650000                 -8121.800000
4.024300               -102.790000                 -8152.300000
4.030400               -102.340000                 -8213.400000
4.036400               -103.560000                 -8268.800000
4.042500               -104.240000                 -8292.900000
4.048500               -104.700000                 -8346.800000
4.054600               -105.310000                 -8407.000000
4.060600               -105.990000                 -8436.800000
4.066700               -106.530000                 -8475.400000
4.072700               -107.370000                 -8546.900000
4.078800               -107.900000                 -8584.600000
4.084800               -107.900000                 -8615.200000
4.090900               -109.120000                 -8681.900000
4.096900               -109.650000                 -8734.100000
4.103000               -109.880000                 -8760.600000
4.109000               -111.020000                 -8818.500000
4.115100               -111.480000                 -8881.200000
4.121100               -112.390000                 -8912.500000
4.127200               -111.940000                 -8954.300000
4.133200               -112.780000                 -9025.000000
4.139300               -113.230000                 -9061.200000
4.145300               -114.220000                 -9097.300000
4.151400               -114.990000                 -9166.400000
4.157400               -115.370000                 -9217.900000
4.163500               -116.510000                 -9248.400000
4.169500               -116.430000                 -9307.900000
4.175600               -117.420000                 -9371.300000
4.181600               -118.420000                 -9401.100000
4.187700               -119.250000                 -9454.100000
4.193700               -119.330000                 -9521.600000
4.199800               -120.020000                 -9557.800000
4.205800               -120.620000                 -9598.000000
4.211900               -120.400000                 -9666.300000
4.218000               -121.770000                 -9717.700000
4.224000               -122.220000                 -9749.000000
4.230100               -122.910000                 -9815.700000
4.236100               -123.290000                 -9878.400000
4.242200               -123.900000                 -9908.100000
4.248200               -124.660000                 -9962.800000
4.254300               -125.040000                 -10034.000000
4.260300               -125.880000                 -10070.000000
4.266400               -126.720000                 -10115.000000
4.272400               -127.790000                 -10189.000000
4.278500               -127.560000                 -10235.000000
4.284500               -128.320000                 -10271.000000
4.290600               -128.470000                 -10340.000000
4.296600               -129.540000                 -10402.000000
4.302700               -130.000000                 -10433.000000
4.308700               -130.680000                 -10495.000000
4.314800               -131.220000                 -10568.000000
4.320800               -132.440000                 -10603.000000
4.326900               -132.510000                 -10647.000000
4.332900               -132.510000                 -10725.000000
4.339000               -133.810000                 -10771.000000
4.345000               -134.110000                 -10811.000000
4.351100               -135.030000                 -10884.000000
4.357100               -135.480000                 -10946.000000
4.363200               -136.780000                 -10978.000000
4.369200               -136.630000                 -11044.000000
4.375300               -137.540000                 -11119.000000
4.381300               -138.000000                 -11150.000000
4.387400               -138.230000                 -11203.000000
4.393400               -139.220000                 -11283.000000
4.399500               -139.520000                 -11326.000000
4.405500               -139.900000                 -11367.000000
4.411600               -140.820000                 -11445.000000
4.417700               -141.430000                 -11505.000000
4.423700               -141.810000                 -11541.000000
4.429800               -143.030000                 -11612.000000
4.435800               -143.490000                 -11685.000000
4.441900               -144.090000                 -11722.000000
4.447900               -144.550000                 -11778.000000
4.454000               -144.930000                 -11859.000000
4.460000               -145.850000                 -11903.000000
4.466100               -145.690000                 -11947.000000
4.472100               -147.370000                 -12031.000000
4.478200               -147.290000                 -12088.000000
4.484200               -148.360000                 -12127.000000
4.490300               -148.360000                 -12200.000000
4.496300               -149.350000                 -12274.000000
4.502400               -150.650000                 -12304.000000
4.508400               -149.430000                 -12290.000000
4.514500               -148.510000                 -12278.000000
4.520500               -148.510000                 -12230.000000
4.526600               -147.220000                 -12187.000000
4.532600               -147.290000                 -12181.000000
4.538700               -146.460000                 -12142.000000
4.544700               -145.160000                 -12088.000000
4.550800               -145.770000                 -12077.000000
4.556800               -144.400000                 -12051.000000
4.562900               -144.090000                 -11993.000000
4.568900               -143.180000                 -11968.000000
4.575000               -142.880000                 -11953.000000
4.581000               -141.660000                 -11896.000000
4.587100               -142.260000                 -11858.000000
4.593100               -140.510000                 -11843.000000
4.599200               -140.060000                 -11799.000000
4.605300               -139.750000                 -11746.000000
4.611300               -138.910000                 -11732.000000
4.617400               -138.530000                 -11703.000000
4.623400               -137.770000                 -11639.000000
4.629500               -137.390000                 -11617.000000
4.635500               -137.080000                 -11598.000000
4.641600               -136.020000                 -11538.000000
4.647600               -135.250000                 -11494.000000
4.653700               -134.570000                 -11482.000000
4.659700               -134.340000                 -11430.000000
4.665800               -133.810000                 -11378.000000
4.671800               -133.730000                 -11363.000000
4.677900               -132.590000                 -11326.000000
4.683900               -131.830000                 -11264.000000
4.690000               -131.290000                 -11239.000000
4.696000               -130.680000                 -11213.000000
4.702100               -130.530000                 -11153.000000
4.708100               -129.390000                 -11110.000000
4.714200               -128.400000                 -11091.000000
4.720200               -128.780000                 -11040.000000
4.726300               -128.090000                 -10985.000000
4.732300               -126.950000                 -10967.000000
4.738400               -126.490000                 -10925.000000
4.744400               -125.730000                 -10862.000000
4.750500               -125.500000                 -10839.000000
4.756500               -124.820000                 -10810.000000
4.762600               -124.510000                 -10745.000000
4.768600               -123.670000                 -10707.000000
4.774700               -122.830000                 -10686.000000
4.780700               -122.380000                 -10625.000000
4.786800               -122.070000                 -10573.000000
4.792900               -121.610000                 -10557.000000
4.798900               -120.170000                 -10506.000000
4.805000               -119.560000                 -10443.000000
4.811000               -119.250000                 -10423.000000
4.817100               -118.800000                 -10389.000000
4.823100               -117.880000                 -10320.000000
4.829200               -117.350000                 -10286.000000
4.835200               -116.810000                 -10262.000000
4.841300               -116.050000                 -10197.000000
4.847300               -115.520000                 -10144.000000
4.853400               -115.440000                 -10128.000000
4.859400               -114.450000                 -10074.000000
4.865500               -114.300000                 -10013.000000
4.871500               -113.840000                 -9990.900000
4.877600               -112.550000                 -9951.500000
4.883600               -112.010000                 -9881.600000
4.889700               -111.560000                 -9847.900000
4.895700               -110.950000                 -9821.400000
4.901800               -110.340000                 -9754.700000
4.907800               -109.580000                 -9703.200000
4.913900               -109.650000                 -9684.700000
4.919900               -108.430000                 -9628.500000
4.926000               -108.430000                 -9564.200000
4.932000               -107.210000                 -9541.700000
4.938100               -106.600000                 -9498.300000
4.944100               -106.380000                 -9430.000000
4.950200               -105.460000                 -9397.900000
4.956200               -105.000000                 -9368.100000
4.962300               -103.940000                 -9297.400000
4.968300               -104.320000                 -9253.200000
4.974400               -103.020000                 -9229.100000
4.980400               -102.410000                 -9167.200000
4.986500               -101.580000                 -9105.400000
4.992600               -101.350000                 -9083.700000
4.998600               -100.740000                 -9036.300000
5.004700               -100.130000                 -8968.000000
5.010700               -99.593000                 -8937.400000
5.016800               -98.984000                 -8904.500000
5.022800               -98.222000                 -8833.800000
5.028900               -98.374000                 -8791.200000
5.034900               -97.155000                 -8763.000000
5.041000               -96.317000                 -8699.600000
5.047000               -95.783000                 -8637.700000
5.053100               -95.174000                 -8616.000000
5.059100               -94.793000                 -8564.600000
5.065200               -94.107000                 -8497.000000
5.071200               -93.497000                 -8468.100000
5.077300               -92.583000                 -8432.000000
5.083300               -91.973000                 -8357.200000
5.089400               -91.897000                 -8318.700000
5.095400               -90.907000                 -8289.700000
5.101500               -90.297000                 -8221.400000
5.107500               -89.916000                 -8163.600000
5.113600               -88.849000                 -8141.900000
5.119600               -88.773000                 -8087.200000
5.125700               -88.163000                 -8018.900000
5.131700               -87.325000                 -7990.800000
5.137800               -86.792000                 -7953.000000
5.143800               -86.335000                 -7877.500000
5.149900               -85.725000                 -7839.700000
5.155900               -84.658000                 -7808.400000
5.162000               -84.277000                 -7740.100000
5.168000               -83.744000                 -7683.000000
5.174100               -82.753000                 -7659.700000
5.180200               -82.829000                 -7601.100000
5.186200               -82.067000                 -7533.600000
5.192300               -81.229000                 -7507.000000
5.198300               -80.391000                 -7466.100000
5.204400               -79.172000                 -7388.100000
5.210400               -79.400000                 -7353.600000
5.216500               -78.562000                 -7322.200000
5.222500               -78.257000                 -7252.300000
5.228600               -77.648000                 -7197.700000
5.234600               -77.267000                 -7175.200000
5.240700               -76.505000                 -7113.300000
5.246700               -75.895000                 -7046.600000
5.252800               -75.057000                 -7017.700000
5.258800               -74.752000                 -6974.300000
5.264900               -74.066000                 -6900.300000
5.270900               -73.381000                 -6865.000000
5.277000               -73.000000                 -6832.800000
5.283000               -72.161000                 -6759.700000
5.289100               -71.704000                 -6709.100000
5.295100               -70.866000                 -6681.800000
5.301200               -70.561000                 -6619.900000
5.307200               -69.190000                 -6551.600000
5.313300               -69.342000                 -6529.100000
5.319300               -68.656000                 -6479.300000
5.325400               -68.123000                 -6407.800000
5.331400               -67.285000                 -6373.200000
5.337500               -66.751000                 -6338.600000
5.343500               -66.675000                 -6265.500000
5.349600               -65.837000                 -6218.100000
5.355600               -64.618000                 -6189.200000
5.361700               -64.465000                 -6122.500000
5.367800               -63.779000                 -6061.400000
5.373800               -63.017000                 -6037.300000
5.379900               -62.560000                 -5981.800000
5.385900               -62.713000                 -5912.700000
5.392000               -61.417000                 -5882.200000
5.398000               -60.960000                 -5843.600000
5.404100               -60.350000                 -5767.300000
5.410100               -59.131000                 -5721.500000
5.416200               -58.522000                 -5693.400000
5.422200               -58.217000                 -5624.300000
5.428300               -57.836000                 -5567.200000
5.434300               -56.921000                 -5542.300000
5.440400               -56.617000                 -5485.200000
5.446400               -55.931000                 -5416.100000
5.452500               -55.169000                 -5385.600000
5.458500               -54.788000                 -5347.800000
5.464600               -53.645000                 -5269.100000
5.470600               -53.873000                 -5230.500000
5.476700               -53.035000                 -5200.800000
5.482700               -52.045000                 -5127.600000
5.488800               -51.587000                 -5071.400000
5.494800               -51.206000                 -5049.700000
5.500900               -50.368000                 -4988.600000
5.506900               -49.987000                 -4921.100000
5.513000               -49.301000                 -4891.400000
5.519000               -48.539000                 -4852.000000
5.525100               -48.539000                 -4775.700000
5.531100               -47.396000                 -4735.500000
5.537200               -46.939000                 -4706.600000
5.543200               -46.330000                 -4635.800000
5.549300               -45.339000                 -4578.800000
5.555300               -44.882000                 -4556.300000
5.561400               -44.729000                 -4493.600000
5.567500               -43.663000                 -4427.700000
5.573500               -43.282000                 -4401.200000
5.579600               -42.824000                 -4355.400000
5.585600               -42.291000                 -4279.900000
5.591700               -41.377000                 -4244.500000
5.597700               -40.996000                 -4214.000000
5.603800               -39.776000                 -4139.200000
5.609800               -39.624000                 -4090.200000
5.615900               -39.472000                 -4066.900000
5.621900               -38.329000                 -4001.800000
5.628000               -37.567000                 -3935.100000
5.634000               -37.109000                 -3910.200000
5.640100               -36.347000                 -3862.000000
5.646100               -35.890000                 -3790.500000
5.652200               -35.204000                 -3757.500000
5.658200               -34.900000                 -3724.600000
5.664300               -34.519000                 -3651.500000
5.670300               -33.528000                 -3603.300000
5.676400               -32.766000                 -3576.700000
5.682400               -32.385000                 -3510.000000
5.688500               -31.775000                 -3449.000000
5.694500               -31.242000                 -3426.500000
5.700600               -30.632000                 -3375.000000
5.706600               -30.175000                 -3305.900000
5.712700               -28.499000                 -3271.400000
5.718700               -29.032000                 -3239.200000
5.724800               -28.423000                 -3164.500000
5.730800               -28.042000                 -3121.900000
5.736900               -27.127000                 -3094.600000
5.742900               -26.594000                 -3027.100000
5.749000               -25.679000                 -2966.000000
5.755100               -24.689000                 -2945.100000
5.761100               -24.536000                 -2890.500000
5.767200               -24.536000                 -2823.000000
5.773200               -23.241000                 -2794.800000
5.779300               -22.784000                 -2756.300000
5.785300               -22.174000                 -2682.400000
5.791400               -21.946000                 -2643.800000
5.797400               -20.955000                 -2615.700000
5.803500               -20.955000                 -2547.300000
5.809500               -19.355000                 -2488.700000
5.815600               -19.202000                 -2470.200000
5.821600               -18.669000                 -2411.500000
5.827700               -17.907000                 -2344.000000
5.833700               -17.221000                 -2319.900000
5.839800               -16.840000                 -2279.800000
5.845800               -16.612000                 -2208.200000
5.851900               -16.078000                 -2172.900000
5.857900               -14.859000                 -2142.300000
5.864000               -14.402000                 -2073.200000
5.870000               -13.716000                 -2020.200000
5.876100               -13.716000                 -2000.900000
5.882100               -12.497000                 -1941.400000
5.888200               -11.659000                 -1874.700000
5.894200               -11.506000                 -1850.600000
5.900300               -10.592000                 -1810.500000
5.906300               -10.668000                 -1740.600000
5.912400               -9.677400                 -1706.800000
5.918400               -9.296400                 -1679.500000
5.924500               -7.772400                 -1608.000000
5.930500               -7.924800                 -1559.000000
5.936600               -7.391400                 -1538.000000
5.942700               -6.705600                 -1476.200000
5.948700               -6.172200                 -1415.900000
5.954800               -5.334000                 -1392.600000
5.960800               -4.800600                 -1350.000000
5.966900               -4.038600                 -1280.100000
5.972900               -3.505200                 -1248.000000
5.979000               -2.590800                 -1218.200000
5.985000               -2.057400                 -1149.900000
5.991100               -1.066800                 -1100.900000
5.997100               -1.295400                 -1082.400000
6.003200               -0.304800                 -1021.300000
6.009200               0.076200                 -961.890000


Цикл № 3
Шаг  № 1
Точек  993
Циклическая потенцио. развертка, Скорость развертки 100,12 мВ/с.
Время, с.              Потенциал, мВ            Ток, мкА
0.006100               0.838200                 -940.990000
0.012100               1.143000                 -895.990000
0.018200               2.133600                 -831.710000
0.024200               2.971800                 -805.190000
0.030300               3.200400                 -774.650000
0.036300               3.581400                 -703.130000
0.042400               4.114800                 -665.360000
0.048400               4.572000                 -642.860000
0.054500               5.486400                 -577.770000
0.060500               6.019800                 -524.740000
0.066600               7.086600                 -504.650000
0.072600               7.620000                 -454.020000
0.078700               7.772400                 -390.540000
0.084700               9.296400                 -364.830000
0.090800               9.372600                 -331.070000
0.096800               9.753600                 -261.970000
0.102900               10.592000                 -228.220000
0.108900               11.049000                 -204.110000
0.115000               11.659000                 -141.430000
0.121000               12.192000                 -86.790000
0.127100               12.954000                 -71.520000
0.133100               13.487000                 -17.680000
0.139200               14.402000                 42.590000
0.145200               14.783000                 65.090000
0.151300               15.469000                 101.250000
0.157300               16.154000                 167.950000
0.163400               16.307000                 198.480000
0.169400               17.297000                 225.810000
0.175500               17.450000                 289.290000
0.181500               17.983000                 335.090000
0.187600               19.507000                 355.990000
0.193700               19.660000                 409.020000
0.199700               19.964000                 467.680000
0.205800               20.650000                 488.580000
0.211800               20.955000                 527.150000
0.217900               22.327000                 594.650000
0.223900               22.479000                 618.760000
0.230000               23.546000                 648.490000
0.236000               24.003000                 715.990000
0.242100               23.927000                 752.950000
0.248100               25.070000                 773.850000
0.254200               25.451000                 832.510000
0.260200               26.365000                 886.350000
0.266300               26.822000                 903.220000
0.272300               27.356000                 949.030000
0.278400               28.423000                 1013.300000
0.284400               28.575000                 1033.400000
0.290500               29.108000                 1065.500000
0.296500               30.099000                 1133.000000
0.302600               31.166000                 1165.200000
0.308600               30.556000                 1185.300000
0.314700               31.775000                 1247.200000
0.320700               32.233000                 1297.800000
0.326800               32.614000                 1311.400000
0.332800               33.376000                 1362.900000
0.338900               33.680000                 1419.900000
0.344900               34.976000                 1442.400000
0.351000               35.281000                 1474.600000
0.357000               35.509000                 1538.900000
0.363100               36.195000                 1568.600000
0.369100               37.109000                 1591.900000
0.375200               37.948000                 1654.600000
0.381200               38.329000                 1698.000000
0.387300               39.091000                 1714.800000
0.393400               39.700000                 1767.900000
0.399400               39.776000                 1822.500000
0.405500               40.462000                 1840.200000
0.411500               40.843000                 1878.000000
0.417600               42.062000                 1941.400000
0.423600               42.672000                 1967.200000
0.429700               43.129000                 1991.300000
0.435700               43.358000                 2054.700000
0.441800               44.501000                 2093.300000
0.447800               44.425000                 2111.000000
0.453900               45.415000                 2167.300000
0.459900               45.872000                 2217.900000
0.466000               46.406000                 2234.800000
0.472000               47.015000                 2279.000000
0.478100               48.006000                 2339.200000
0.484100               49.378000                 2361.700000
0.490200               49.073000                 2389.000000
0.496200               50.216000                 2454.100000
0.502300               49.987000                 2486.300000
0.508300               50.749000                 2504.800000
0.514400               51.130000                 2564.200000
0.520400               52.426000                 2612.400000
0.526500               52.807000                 2626.100000
0.532500               53.188000                 2673.500000
0.538600               53.797000                 2731.400000
0.544600               55.474000                 2751.500000
0.550700               55.093000                 2780.400000
0.556700               56.083000                 2845.500000
0.562800               56.388000                 2872.000000
0.568800               57.302000                 2894.500000
0.574900               57.302000                 2953.200000
0.581000               57.988000                 2996.600000
0.587000               58.674000                 3011.000000
0.593100               59.512000                 3060.800000
0.599100               59.893000                 3115.500000
0.605200               60.579000                 3134.000000
0.611200               61.189000                 3167.700000
0.617300               62.255000                 3229.600000
0.623300               62.332000                 3252.100000
0.629400               63.170000                 3277.800000
0.635400               63.322000                 3334.900000
0.641500               64.237000                 3374.200000
0.647500               65.151000                 3393.500000
0.653600               65.227000                 3443.300000
0.659600               65.989000                 3495.600000
0.665700               66.751000                 3510.800000
0.671700               67.132000                 3548.600000
0.677800               68.123000                 3609.700000
0.683800               68.351000                 3629.800000
0.689900               69.266000                 3656.300000
0.695900               69.266000                 3716.600000
0.702000               69.799000                 3750.300000
0.708000               70.866000                 3768.000000
0.714100               70.866000                 3822.600000
0.720100               71.933000                 3872.500000
0.726200               72.619000                 3886.100000
0.732200               73.381000                 3929.500000
0.738300               74.295000                 3987.400000
0.744300               75.057000                 4007.500000
0.750400               75.057000                 4034.000000
0.756400               75.971000                 4095.900000
0.762500               76.352000                 4126.400000
0.768600               76.429000                 4144.100000
0.774600               77.419000                 4202.700000
0.780700               78.486000                 4248.500000
0.786700               78.791000                 4260.600000
0.792800               79.324000                 4309.600000
0.798800               79.934000                 4362.600000
0.804900               80.620000                 4381.100000
0.810900               81.077000                 4410.800000
0.817000               81.763000                 4472.700000
0.823000               81.915000                 4497.600000
0.829100               82.982000                 4520.100000
0.835100               83.591000                 4578.000000
0.841200               84.506000                 4620.600000
0.847200               85.115000                 4634.200000
0.853300               85.801000                 4684.100000
0.859300               86.182000                 4736.300000
0.865400               87.478000                 4754.000000
0.871400               87.173000                 4786.100000
0.877500               88.163000                 4848.000000
0.883500               88.621000                 4870.500000
0.889600               89.383000                 4893.000000
0.895600               89.611000                 4951.700000
0.901700               90.754000                 4989.400000
0.907700               91.440000                 5005.500000
0.913800               91.669000                 5056.100000
0.919800               92.050000                 5105.100000
0.925900               92.735000                 5119.600000
0.931900               93.345000                 5160.600000
0.938000               93.878000                 5216.000000
0.944000               95.479000                 5237.700000
0.950100               95.174000                 5262.600000
0.956100               95.707000                 5322.900000
0.962200               96.545000                 5352.600000
0.968300               96.926000                 5371.900000
0.974300               97.841000                 5427.400000
0.980400               98.146000                 5473.200000
0.986400               99.060000                 5485.200000
0.992500               99.289000                 5527.800000
0.998500               100.430000                 5584.100000
1.004600               101.040000                 5601.800000
1.010600               101.350000                 5629.100000
1.016700               101.960000                 5689.400000
1.022700               102.720000                 5715.900000
1.028800               103.170000                 5735.100000
1.034800               103.400000                 5791.400000
1.040900               104.010000                 5834.000000
1.046900               105.230000                 5846.800000
1.053000               105.310000                 5893.500000
1.059000               105.840000                 5944.900000
1.065100               106.530000                 5961.000000
1.071100               107.210000                 5993.900000
1.077200               107.820000                 6051.000000
1.083200               108.360000                 6075.900000
1.089300               108.810000                 6095.200000
1.095300               110.030000                 6152.200000
1.101400               110.410000                 6192.400000
1.107400               111.180000                 6204.400000
1.113500               111.250000                 6252.700000
1.119500               112.240000                 6303.300000
1.125600               112.550000                 6316.100000
1.131600               113.310000                 6352.300000
1.137700               114.450000                 6409.300000
1.143700               114.680000                 6430.300000
1.149800               115.140000                 6453.500000
1.155900               116.050000                 6509.800000
1.161900               115.900000                 6543.500000
1.168000               116.660000                 6558.800000
1.174000               117.420000                 6608.600000
1.180100               118.110000                 6656.900000
1.186100               117.960000                 6667.300000
1.192200               119.410000                 6708.300000
1.198200               120.470000                 6765.300000
1.204300               120.850000                 6782.200000
1.210300               121.310000                 6805.500000
1.216400               121.460000                 6862.600000
1.222400               122.830000                 6893.900000
1.228500               123.440000                 6909.200000
1.234500               123.220000                 6961.400000
1.240600               124.210000                 7005.600000
1.246600               124.890000                 7017.700000
1.252700               125.200000                 7060.200000
1.258700               126.110000                 7112.500000
1.264800               126.110000                 7127.700000
1.270800               127.100000                 7155.100000
1.276900               127.710000                 7212.900000
1.282900               128.470000                 7238.600000
1.289000               129.080000                 7255.500000
1.295000               129.920000                 7309.400000
1.301100               129.770000                 7348.700000
1.307100               130.760000                 7358.400000
1.313200               131.290000                 7404.200000
1.319200               132.130000                 7454.800000
1.325300               132.890000                 7470.900000
1.331300               132.970000                 7496.600000
1.337400               133.270000                 7552.000000
1.343500               135.100000                 7575.400000
1.349500               135.180000                 7594.600000
1.355600               135.640000                 7647.700000
1.361600               135.940000                 7682.200000
1.367700               136.550000                 7693.500000
1.373700               137.240000                 7742.500000
1.379800               138.300000                 7788.300000
1.385800               138.460000                 7797.900000
1.391900               139.290000                 7832.500000
1.397900               140.130000                 7884.700000
1.404000               140.060000                 7904.000000
1.410000               140.970000                 7924.900000
1.416100               140.970000                 7976.300000
1.422100               142.720000                 8008.500000
1.428200               142.800000                 8021.300000
1.434200               143.560000                 8068.700000
1.440300               144.320000                 8112.100000
1.446300               144.550000                 8122.600000
1.452400               145.010000                 8157.900000
1.458400               146.000000                 8210.200000
1.464500               146.460000                 8225.400000
1.470500               146.910000                 8247.900000
1.476600               148.210000                 8306.600000
1.482600               148.820000                 8330.700000
1.488700               148.510000                 8340.400000
1.494700               149.280000                 8391.800000
1.500800               149.880000                 8395.000000
1.506800               149.120000                 8315.500000
1.512900               148.280000                 8267.200000
1.518900               148.060000                 8229.500000
1.525000               146.460000                 8153.100000
1.531000               146.610000                 8091.300000
1.537100               145.770000                 8060.700000
1.543200               145.390000                 7996.400000
1.549200               145.010000                 7924.100000
1.555300               144.170000                 7888.700000
1.561300               143.790000                 7842.100000
1.567400               143.330000                 7761.800000
1.573400               142.190000                 7716.800000
1.579500               141.960000                 7678.200000
1.585500               140.820000                 7604.300000
1.591600               140.360000                 7544.800000
1.597600               139.750000                 7511.100000
1.603700               139.750000                 7447.600000
1.609700               138.680000                 7376.900000
1.615800               138.000000                 7343.100000
1.621800               137.540000                 7292.500000
1.627900               136.400000                 7214.500000
1.633900               136.630000                 7173.600000
1.640000               135.870000                 7134.200000
1.646000               135.940000                 7060.200000
1.652100               134.420000                 7004.800000
1.658100               133.960000                 6969.500000
1.664200               133.270000                 6903.600000
1.670200               132.440000                 6838.500000
1.676300               132.210000                 6805.500000
1.682300               131.370000                 6749.300000
1.688400               130.530000                 6676.900000
1.694400               130.610000                 6640.800000
1.700500               129.620000                 6597.400000
1.706500               128.850000                 6521.900000
1.712600               128.400000                 6475.200000
1.718600               127.640000                 6441.500000
1.724700               127.250000                 6371.600000
1.730800               127.030000                 6311.300000
1.736800               126.340000                 6280.000000
1.742900               125.500000                 6222.900000
1.748900               125.120000                 6154.600000
1.755000               124.440000                 6119.300000
1.761000               123.370000                 6074.300000
1.767100               123.290000                 6002.700000
1.773100               122.610000                 5956.900000
1.779200               121.920000                 5924.000000
1.785200               122.070000                 5858.100000
1.791300               120.850000                 5796.200000
1.797300               120.170000                 5769.700000
1.803400               119.020000                 5707.000000
1.809400               119.020000                 5642.700000
1.815500               117.960000                 5609.800000
1.821500               117.810000                 5568.000000
1.827600               117.420000                 5495.700000
1.833600               116.280000                 5454.700000
1.839700               115.900000                 5418.500000
1.845700               114.830000                 5350.200000
1.851800               114.610000                 5297.200000
1.857800               113.770000                 5269.900000
1.863900               113.310000                 5208.800000
1.869900               112.850000                 5146.100000
1.876000               112.550000                 5117.200000
1.882000               111.940000                 5070.600000
1.888100               111.180000                 5000.700000
1.894100               110.800000                 4966.100000
1.900200               110.110000                 4930.000000
1.906200               108.970000                 4860.900000
1.912300               108.280000                 4814.300000
1.918400               108.050000                 4784.500000
1.924400               107.820000                 4724.200000
1.930500               106.830000                 4664.000000
1.936500               105.920000                 4635.800000
1.942600               105.770000                 4587.600000
1.948600               105.080000                 4521.700000
1.954700               104.470000                 4488.800000
1.960700               103.250000                 4451.800000
1.966800               103.560000                 4385.100000
1.972800               102.180000                 4340.100000
1.978900               101.580000                 4309.600000
1.984900               101.120000                 4249.300000
1.991000               100.280000                 4193.100000
1.997000               100.130000                 4169.000000
2.003100               99.212000                 4116.700000
2.009100               98.908000                 4053.300000
2.015200               97.765000                 4024.300000
2.021200               97.460000                 3986.600000
2.027300               97.460000                 3919.900000
2.033300               96.698000                 3882.100000
2.039400               95.631000                 3851.600000
2.045400               94.793000                 3788.100000
2.051500               94.412000                 3737.400000
2.057500               94.259000                 3713.300000
2.063600               92.888000                 3657.900000
2.069600               92.888000                 3599.200000
2.075700               92.126000                 3573.500000
2.081700               92.050000                 3532.500000
2.087800               90.907000                 3466.600000
2.093800               90.602000                 3435.300000
2.099900               89.383000                 3403.200000
2.105900               89.306000                 3340.500000
2.112000               88.621000                 3295.500000
2.118100               88.011000                 3269.800000
2.124100               86.868000                 3212.700000
2.130200               86.716000                 3158.900000
2.136200               86.487000                 3134.000000
2.142300               85.344000                 3090.600000
2.148300               84.734000                 3027.900000
2.154400               84.963000                 2999.800000
2.160400               83.363000                 2966.800000
2.166500               83.058000                 2904.100000
2.172500               82.372000                 2863.200000
2.178600               82.067000                 2839.000000
2.184600               82.067000                 2783.600000
2.190700               80.696000                 2729.800000
2.196700               80.010000                 2708.100000
2.202800               79.096000                 2661.500000
2.208800               79.248000                 2604.400000
2.214900               78.257000                 2579.500000
2.220900               77.419000                 2544.100000
2.227000               76.962000                 2481.500000
2.233000               76.581000                 2447.700000
2.239100               75.895000                 2420.400000
2.245100               75.286000                 2362.500000
2.251200               74.600000                 2315.100000
2.257200               73.609000                 2294.200000
2.263300               73.381000                 2246.800000
2.269300               72.619000                 2189.000000
2.275400               72.238000                 2167.300000
2.281400               71.780000                 2133.500000
2.287500               70.637000                 2070.000000
2.293500               70.561000                 2041.100000
2.299600               69.418000                 2013.800000
2.305700               68.580000                 1956.700000
2.311700               68.580000                 1912.500000
2.317800               68.504000                 1894.800000
2.323800               67.513000                 1845.000000
2.329900               66.599000                 1790.400000
2.335900               66.065000                 1769.500000
2.342000               65.913000                 1732.500000
2.348000               65.227000                 1675.500000
2.354100               64.541000                 1647.300000
2.360100               63.170000                 1618.400000
2.366200               62.560000                 1559.700000
2.372200               62.255000                 1522.800000
2.378300               61.874000                 1500.300000
2.384300               60.960000                 1448.800000
2.390400               60.350000                 1399.000000
2.396400               60.122000                 1381.400000
2.402500               59.817000                 1341.200000
2.408500               59.055000                 1285.700000
2.414600               58.369000                 1261.600000
2.420600               57.760000                 1233.500000
2.426700               56.464000                 1174.800000
2.432700               56.617000                 1143.500000
2.438800               55.550000                 1121.800000
2.444800               54.635000                 1069.600000
2.450900               54.635000                 1025.400000
2.456900               53.950000                 1008.500000
2.463000               53.340000                 965.100000
2.469000               52.807000                 913.670000
2.475100               51.968000                 891.970000
2.481100               51.587000                 863.040000
2.487200               50.902000                 804.380000
2.493300               50.673000                 777.870000
2.499300               49.987000                 755.370000
2.505400               49.378000                 700.720000
2.511400               48.692000                 660.540000
2.517500               47.930000                 643.670000
2.523500               47.625000                 599.470000
2.529600               46.634000                 548.850000
2.535600               46.330000                 529.560000
2.541700               45.796000                 498.220000
2.547700               45.263000                 443.580000
2.553800               44.425000                 417.860000
2.559800               43.739000                 394.560000
2.565900               43.282000                 341.520000
2.571900               42.291000                 304.560000
2.578000               41.758000                 288.490000
2.584000               41.377000                 241.880000
2.590100               40.615000                 194.470000
2.596100               39.700000                 179.200000
2.602200               39.776000                 142.230000
2.608200               38.786000                 90.000000
2.614300               38.786000                 69.910000
2.620300               37.643000                 42.590000
2.626400               37.109000                 -10.450000
2.632400               36.424000                 -40.180000
2.638500               35.585000                 -58.660000
2.644500               35.052000                 -106.880000
2.650600               34.671000                 -148.660000
2.656600               34.214000                 -163.130000
2.662700               33.604000                 -203.310000
2.668700               32.537000                 -253.130000
2.674800               32.233000                 -270.810000
2.680800               30.785000                 -300.540000
2.686900               31.394000                 -351.160000
2.693000               30.328000                 -379.290000
2.699000               29.566000                 -398.580000
2.705100               30.023000                 -445.180000
2.711100               28.499000                 -487.770000
2.717200               28.499000                 -499.020000
2.723200               26.975000                 -543.220000
2.729300               26.975000                 -590.630000
2.735300               25.908000                 -608.310000
2.741400               25.451000                 -636.440000
2.747400               24.155000                 -691.080000
2.753500               24.308000                 -713.580000
2.759500               23.698000                 -732.060000
2.765600               23.622000                 -781.080000
2.771600               22.555000                 -819.650000
2.777700               22.327000                 -832.510000
2.783700               20.955000                 -879.120000
2.789800               20.803000                 -922.510000
2.795800               20.193000                 -937.780000
2.801900               19.355000                 -969.920000
2.807900               19.583000                 -1018.100000
2.814000               17.831000                 -1043.100000
2.820000               17.450000                 -1063.900000
2.826100               16.688000                 -1116.200000
2.832100               16.612000                 -1145.900000
2.838200               16.154000                 -1162.000000
2.844200               16.383000                 -1204.600000
2.850300               15.011000                 -1248.800000
2.856300               14.326000                 -1262.400000
2.862400               13.792000                 -1297.800000
2.868400               12.802000                 -1348.400000
2.874500               12.116000                 -1366.900000
2.880600               11.582000                 -1390.200000
2.886600               11.582000                 -1440.800000
2.892700               10.516000                 -1468.100000
2.898700               9.829800                 -1487.400000
2.904800               9.525000                 -1534.000000
2.910800               8.458200                 -1574.200000
2.916900               8.001000                 -1586.300000
2.922900               8.077200                 -1623.200000
2.929000               6.781800                 -1673.000000
2.935000               6.477000                 -1687.500000
2.941100               5.410200                 -1714.000000
2.947100               4.953000                 -1766.300000
2.953200               4.267200                 -1792.000000
2.959200               3.657600                 -1808.900000
2.965300               3.810000                 -1855.500000
2.971300               2.590800                 -1896.400000
2.977400               2.133600                 -1906.100000
2.983400               1.371600                 -1945.500000
2.989500               0.914400                 -1989.700000
2.995500               0.381000                 -2004.900000
3.001600               -0.228600                 -2034.700000
3.007600               -0.914400                 -2084.500000
3.013700               -1.524000                 -2106.200000
3.019700               -2.133600                 -2127.100000
3.025800               -2.514600                 -2176.100000
3.031800               -3.505200                 -2210.600000
3.037900               -3.886200                 -2223.500000
3.043900               -4.572000                 -2266.100000
3.050000               -5.105400                 -2310.300000
3.056000               -5.486400                 -2324.800000
3.062100               -6.553200                 -2356.900000
3.068200               -7.010400                 -2407.500000
3.074200               -7.391400                 -2426.800000
3.080300               -7.924800                 -2447.700000
3.086300               -8.839200                 -2499.900000
3.092400               -9.448800                 -2530.500000
3.098400               -9.906000                 -2545.700000
3.104500               -10.820000                 -2590.700000
3.110500               -11.354000                 -2634.100000
3.116600               -11.735000                 -2645.400000
3.122600               -12.649000                 -2682.400000
3.128700               -13.106000                 -2731.400000
3.134700               -13.183000                 -2749.000000
3.140800               -14.554000                 -2772.300000
3.146800               -14.935000                 -2823.800000
3.152900               -15.392000                 -2853.500000
3.158900               -16.307000                 -2869.600000
3.165000               -16.459000                 -2916.200000
3.171000               -17.145000                 -2958.000000
3.177100               -17.831000                 -2970.000000
3.183100               -18.440000                 -3007.000000
3.189200               -19.202000                 -3054.400000
3.195200               -19.660000                 -3073.700000
3.201300               -20.498000                 -3098.600000
3.207300               -20.726000                 -3151.600000
3.213400               -21.641000                 -3179.000000
3.219400               -22.022000                 -3195.000000
3.225500               -22.555000                 -3242.400000
3.231500               -23.089000                 -3285.000000
3.237600               -24.308000                 -3300.300000
3.243600               -24.384000                 -3337.300000
3.249700               -24.994000                 -3385.500000
3.255700               -25.451000                 -3402.400000
3.261800               -26.137000                 -3429.700000
3.267900               -27.127000                 -3483.500000
3.273900               -27.584000                 -3508.400000
3.280000               -28.270000                 -3526.900000
3.286000               -28.499000                 -3576.700000
3.292100               -29.566000                 -3618.500000
3.298100               -29.642000                 -3629.800000
3.304200               -30.785000                 -3673.200000
3.310200               -30.785000                 -3719.800000
3.316300               -31.852000                 -3739.900000
3.322300               -32.233000                 -3766.400000
3.328400               -32.690000                 -3819.400000
3.334400               -33.680000                 -3845.900000
3.340500               -34.671000                 -3866.800000
3.346500               -34.595000                 -3915.800000
3.352600               -35.281000                 -3954.400000
3.358600               -36.119000                 -3968.100000
3.364700               -36.500000                 -4013.100000
3.370700               -37.338000                 -4062.100000
3.376800               -37.871000                 -4078.200000
3.382800               -38.100000                 -4107.900000
3.388900               -39.091000                 -4165.000000
3.394900               -39.700000                 -4187.500000
3.401000               -40.310000                 -4210.000000
3.407000               -40.996000                 -4263.800000
3.413100               -41.377000                 -4299.200000
3.419100               -41.986000                 -4315.200000
3.425200               -42.977000                 -4363.400000
3.431200               -43.053000                 -4409.200000
3.437300               -43.510000                 -4427.700000
3.443300               -44.653000                 -4468.700000
3.449400               -44.806000                 -4526.600000
3.455500               -45.796000                 -4557.100000
3.461500               -45.796000                 -4587.600000
3.467600               -46.787000                 -4637.500000
3.473600               -47.168000                 -4668.000000
3.479700               -47.625000                 -4696.100000
3.485700               -48.692000                 -4735.500000
3.491800               -49.378000                 -4773.300000
3.497800               -49.682000                 -4774.900000
3.503900               -50.521000                 -4794.200000
3.509900               -50.597000                 -4835.900000
3.516000               -51.816000                 -4855.200000
3.522000               -52.045000                 -4878.500000
3.528100               -52.959000                 -4928.400000
3.534100               -53.569000                 -4958.100000
3.540200               -53.950000                 -4974.200000
3.546200               -54.864000                 -5022.400000
3.552300               -55.169000                 -5065.000000
3.558300               -55.778000                 -5078.600000
3.564400               -56.236000                 -5118.800000
3.570400               -56.845000                 -5175.900000
3.576500               -58.064000                 -5214.400000
3.582500               -58.293000                 -5266.700000
3.588600               -58.293000                 -5341.400000
3.594600               -59.436000                 -5386.400000
3.600700               -59.969000                 -5416.900000
3.606700               -61.265000                 -5475.600000
3.612800               -61.112000                 -5519.800000
3.618800               -62.103000                 -5536.700000
3.624900               -62.332000                 -5580.900000
3.630900               -63.170000                 -5633.900000
3.637000               -63.932000                 -5656.400000
3.643100               -64.541000                 -5686.900000
3.649100               -64.770000                 -5742.400000
3.655200               -65.380000                 -5771.300000
3.661200               -66.065000                 -5796.200000
3.667300               -66.827000                 -5849.300000
3.673300               -67.056000                 -5891.000000
3.679400               -67.970000                 -5908.700000
3.685400               -69.113000                 -5960.100000
3.691500               -69.113000                 -6016.400000
3.697500               -69.647000                 -6042.100000
3.703600               -70.485000                 -6080.700000
3.709600               -71.171000                 -6141.800000
3.715700               -71.628000                 -6170.700000
3.721700               -71.857000                 -6196.400000
3.727800               -72.771000                 -6251.900000
3.733800               -73.533000                 -6291.200000
3.739900               -73.838000                 -6304.900000
3.745900               -74.295000                 -6345.900000
3.752000               -75.286000                 -6386.800000
3.758000               -75.667000                 -6395.700000
3.764100               -75.895000                 -6420.600000
3.770100               -76.962000                 -6468.000000
3.776200               -77.343000                 -6484.900000
3.782200               -78.105000                 -6507.400000
3.788300               -78.486000                 -6565.200000
3.794300               -79.553000                 -6608.600000
3.800400               -80.086000                 -6645.600000
3.806400               -80.315000                 -6718.700000
3.812500               -81.153000                 -6785.400000
3.818500               -81.763000                 -6811.100000
3.824600               -82.677000                 -6857.800000
3.830600               -82.601000                 -6912.400000
3.836700               -83.668000                 -6942.900000
3.842800               -84.582000                 -6977.500000
3.848800               -84.658000                 -7040.200000
3.854900               -85.573000                 -7079.500000
3.860900               -85.801000                 -7107.700000
3.867000               -86.563000                 -7172.800000
3.873000               -87.325000                 -7229.000000
3.879100               -87.630000                 -7252.300000
3.885100               -88.316000                 -7304.500000
3.891200               -89.230000                 -7364.000000
3.897200               -89.992000                 -7392.100000
3.903300               -90.068000                 -7425.100000
3.909300               -91.211000                 -7494.200000
3.915400               -91.288000                 -7531.200000
3.921400               -91.897000                 -7561.700000
3.927500               -92.964000                 -7627.600000
3.933500               -93.345000                 -7683.000000
3.939600               -93.955000                 -7707.900000
3.945600               -94.869000                 -7764.200000
3.951700               -94.564000                 -7824.500000
3.957700               -95.555000                 -7853.400000
3.963800               -96.393000                 -7892.000000
3.969800               -96.850000                 -7957.000000
3.975900               -97.765000                 -7990.000000
3.981900               -97.841000                 -8013.300000
3.988000               -98.450000                 -8073.600000
3.994000               -99.593000                 -8120.200000
4.000100               -99.746000                 -8133.800000
4.006100               -100.810000                 -8179.600000
4.012200               -100.970000                 -8227.900000
4.018200               -101.190000                 -8246.300000
4.024300               -102.260000                 -8282.500000
4.030400               -102.870000                 -8342.800000
4.036400               -103.630000                 -8371.700000
4.042500               -104.470000                 -8399.000000
4.048500               -105.000000                 -8460.100000
4.054600               -105.540000                 -8508.300000
4.060600               -106.150000                 -8538.000000
4.066700               -106.220000                 -8596.700000
4.072700               -107.140000                 -8663.400000
4.078800               -107.900000                 -8694.700000
4.084800               -108.280000                 -8747.800000
4.090900               -109.350000                 -8820.100000
4.096900               -109.580000                 -8857.900000
4.103000               -109.580000                 -8894.000000
4.109000               -111.020000                 -8967.200000
4.115100               -111.400000                 -9016.200000
4.121100               -112.240000                 -9049.900000
4.127200               -112.010000                 -9116.600000
4.133200               -113.230000                 -9184.900000
4.139300               -113.390000                 -9217.900000
4.145300               -113.840000                 -9278.100000
4.151400               -114.990000                 -9354.500000
4.157400               -115.370000                 -9393.100000
4.163500               -115.440000                 -9436.400000
4.169500               -116.510000                 -9515.200000
4.175600               -117.580000                 -9564.200000
4.181600               -118.420000                 -9600.400000
4.187700               -118.490000                 -9669.500000
4.193700               -119.100000                 -9726.500000
4.199800               -120.020000                 -9755.500000
4.205800               -120.850000                 -9813.300000
4.211900               -120.930000                 -9880.000000
4.218000               -121.310000                 -9909.800000
4.224000               -122.450000                 -9950.700000
4.230100               -123.140000                 -10021.000000
4.236100               -123.600000                 -10058.000000
4.242200               -123.830000                 -10087.000000
4.248200               -124.970000                 -10152.000000
4.254300               -125.200000                 -10201.000000
4.260300               -126.420000                 -10224.000000
4.266400               -126.950000                 -10273.000000
4.272400               -126.950000                 -10333.000000
4.278500               -127.940000                 -10357.000000
4.284500               -128.250000                 -10395.000000
4.290600               -128.850000                 -10467.000000
4.296600               -129.620000                 -10504.000000
4.302700               -130.530000                 -10538.000000
4.308700               -130.530000                 -10609.000000
4.314800               -131.220000                 -10666.000000
4.320800               -132.440000                 -10698.000000
4.326900               -132.440000                 -10761.000000
4.332900               -132.970000                 -10833.000000
4.339000               -133.040000                 -10870.000000
4.345000               -134.650000                 -10927.000000
4.351100               -135.560000                 -11009.000000
4.357100               -135.710000                 -11057.000000
4.363200               -136.170000                 -11106.000000
4.369200               -136.630000                 -11191.000000
4.375300               -137.310000                 -11262.000000
4.381300               -137.920000                 -11310.000000
4.387400               -139.290000                 -11393.000000
4.393400               -139.060000                 -11470.000000
4.399500               -139.830000                 -11512.000000
4.405500               -140.360000                 -11577.000000
4.411600               -140.820000                 -11660.000000
4.417700               -141.880000                 -11707.000000
4.423700               -142.110000                 -11753.000000
4.429800               -142.110000                 -11836.000000
4.435800               -143.410000                 -11891.000000
4.441900               -144.250000                 -11928.000000
4.447900               -145.770000                 -12006.000000
4.454000               -145.390000                 -12070.000000
4.460000               -145.770000                 -12099.000000
4.466100               -146.460000                 -12161.000000
4.472100               -147.220000                 -12235.000000
4.478200               -147.900000                 -12268.000000
4.484200               -147.750000                 -12308.000000
4.490300               -149.050000                 -12389.000000
4.496300               -149.580000                 -12430.000000
4.502400               -149.500000                 -12452.000000
4.508400               -149.430000                 -12444.000000
4.514500               -148.900000                 -12410.000000
4.520500               -148.740000                 -12343.000000
4.526600               -147.070000                 -12311.000000
4.532600               -147.370000                 -12289.000000
4.538700               -146.910000                 -12230.000000
4.544700               -145.540000                 -12180.000000
4.550800               -145.160000                 -12167.000000
4.556800               -144.700000                 -12116.000000
4.562900               -143.870000                 -12066.000000
4.568900               -144.090000                 -12053.000000
4.575000               -142.800000                 -12023.000000
4.581000               -142.650000                 -11967.000000
4.587100               -141.730000                 -11953.000000
4.593100               -140.890000                 -11939.000000
4.599200               -140.440000                 -11890.000000
4.605300               -139.520000                 -11857.000000
4.611300               -138.840000                 -11853.000000
4.617400               -138.380000                 -11808.000000
4.623400               -138.000000                 -11766.000000
4.629500               -136.780000                 -11760.000000
4.635500               -136.700000                 -11727.000000
4.641600               -136.170000                 -11674.000000
4.647600               -134.800000                 -11653.000000
4.653700               -135.180000                 -11635.000000
4.659700               -134.570000                 -11575.000000
4.665800               -133.730000                 -11541.000000
4.671800               -133.040000                 -11523.000000
4.677900               -132.590000                 -11468.000000
4.683900               -131.670000                 -11416.000000
4.690000               -131.900000                 -11404.000000
4.696000               -130.610000                 -11353.000000
4.702100               -130.150000                 -11290.000000
4.708100               -129.540000                 -11266.000000
4.714200               -128.400000                 -11232.000000
4.720200               -128.400000                 -11160.000000
4.726300               -127.790000                 -11121.000000
4.732300               -126.950000                 -11094.000000
4.738400               -126.950000                 -11027.000000
4.744400               -126.110000                 -10969.000000
4.750500               -125.500000                 -10946.000000
4.756500               -124.590000                 -10887.000000
4.762600               -123.830000                 -10817.000000
4.768600               -124.050000                 -10793.000000
4.774700               -122.830000                 -10754.000000
4.780700               -122.760000                 -10680.000000
4.786800               -121.540000                 -10642.000000
4.792900               -120.780000                 -10614.000000
4.798900               -120.850000                 -10549.000000
4.805000               -120.170000                 -10496.000000
4.811000               -119.180000                 -10477.000000
4.817100               -118.640000                 -10425.000000
4.823100               -117.880000                 -10365.000000
4.829200               -117.040000                 -10347.000000
4.835200               -116.810000                 -10313.000000
4.841300               -116.280000                 -10250.000000
4.847300               -115.590000                 -10225.000000
4.853400               -115.060000                 -10203.000000
4.859400               -114.530000                 -10144.000000
4.865500               -114.150000                 -10102.000000
4.871500               -113.540000                 -10085.000000
4.877600               -112.780000                 -10030.000000
4.883600               -112.390000                 -9972.400000
4.889700               -111.480000                 -9951.500000
4.895700               -111.100000                 -9911.400000
4.901800               -110.030000                 -9841.400000
4.907800               -109.350000                 -9813.300000
4.913900               -108.970000                 -9783.600000
4.919900               -107.970000                 -9710.500000
4.926000               -107.590000                 -9667.900000
4.932000               -106.830000                 -9641.300000
4.938100               -106.760000                 -9579.500000
4.944100               -106.150000                 -9520.000000
4.950200               -105.770000                 -9498.300000
4.956200               -104.850000                 -9445.300000
4.962300               -104.090000                 -9374.600000
4.968300               -103.630000                 -9346.400000
4.974400               -102.950000                 -9307.900000
4.980400               -101.960000                 -9230.700000
4.986500               -101.730000                 -9188.100000
4.992600               -101.190000                 -9158.400000
4.998600               -100.660000                 -9090.100000
5.004700               -99.746000                 -9027.400000
5.010700               -99.136000                 -9003.300000
5.016800               -98.450000                 -8943.000000
5.022800               -97.765000                 -8873.100000
5.028900               -97.841000                 -8844.200000
5.034900               -96.926000                 -8803.200000
5.041000               -96.469000                 -8727.700000
5.047000               -95.555000                 -8685.900000
5.053100               -95.555000                 -8658.600000
5.059100               -93.955000                 -8587.100000
5.065200               -93.650000                 -8529.200000
5.071200               -93.116000                 -8511.500000
5.077300               -92.964000                 -8455.300000
5.083300               -91.897000                 -8388.600000
5.089400               -91.211000                 -8364.500000
5.095400               -90.830000                 -8326.700000
5.101500               -90.221000                 -8255.200000
5.107500               -90.221000                 -8221.400000
5.113600               -89.154000                 -8194.900000
5.119600               -88.925000                 -8127.400000
5.125700               -87.782000                 -8073.600000
5.131700               -87.630000                 -8054.300000
5.137800               -86.792000                 -7993.200000
5.143800               -86.106000                 -7925.700000
5.149900               -85.268000                 -7901.600000
5.155900               -84.887000                 -7860.600000
5.162000               -83.896000                 -7785.100000
5.168000               -84.201000                 -7752.100000
5.174100               -82.753000                 -7719.200000
5.180200               -82.144000                 -7644.500000
5.186200               -82.220000                 -7595.400000
5.192300               -81.229000                 -7568.900000
5.198300               -80.848000                 -7504.600000
5.204400               -80.239000                 -7439.500000
5.210400               -79.477000                 -7413.000000
5.216500               -78.867000                 -7362.400000
5.222500               -77.724000                 -7286.900000
5.228600               -77.495000                 -7253.900000
5.234600               -76.962000                 -7219.400000
5.240700               -76.429000                 -7143.800000
5.246700               -76.124000                 -7093.200000
5.252800               -75.057000                 -7065.100000
5.258800               -74.447000                 -6995.200000
5.264900               -73.914000                 -6931.700000
5.270900               -73.533000                 -6904.400000
5.277000               -72.923000                 -6851.300000
5.283000               -72.314000                 -6776.600000
5.289100               -71.399000                 -6744.400000
5.295100               -71.018000                 -6706.700000
5.301200               -70.333000                 -6629.500000
5.307200               -69.342000                 -6585.300000
5.313300               -69.037000                 -6556.400000
5.319300               -68.656000                 -6485.700000
5.325400               -68.351000                 -6426.200000
5.331400               -66.980000                 -6401.300000
5.337500               -66.827000                 -6346.700000
5.343500               -65.837000                 -6275.200000
5.349600               -65.684000                 -6247.800000
5.355600               -64.846000                 -6208.500000
5.361700               -63.779000                 -6132.900000
5.367800               -64.465000                 -6096.800000
5.373800               -62.484000                 -6063.800000
5.379900               -62.255000                 -5993.900000
5.385900               -61.874000                 -5936.800000
5.392000               -61.112000                 -5915.100000
5.398000               -60.350000                 -5854.900000
5.404100               -60.122000                 -5787.400000
5.410100               -59.512000                 -5759.300000
5.416200               -58.979000                 -5719.100000
5.422200               -57.836000                 -5641.100000
5.428300               -57.226000                 -5603.400000
5.434300               -56.921000                 -5574.400000
5.440400               -56.617000                 -5502.100000
5.446400               -55.626000                 -5444.300000
5.452500               -55.169000                 -5421.000000
5.458500               -54.712000                 -5359.900000
5.464600               -54.331000                 -5291.600000
5.470600               -53.264000                 -5261.800000
5.476700               -53.035000                 -5215.200000
5.482700               -52.273000                 -5140.500000
5.488800               -51.664000                 -5101.100000
5.494800               -50.978000                 -5069.800000
5.500900               -50.292000                 -4993.500000
5.506900               -50.216000                 -4942.800000
5.513000               -49.530000                 -4914.700000
5.519000               -48.997000                 -4847.200000
5.525100               -48.311000                 -4783.700000
5.531100               -46.939000                 -4754.000000
5.537200               -46.634000                 -4703.400000
5.543200               -46.406000                 -4631.800000
5.549300               -45.872000                 -4598.100000
5.555300               -45.491000                 -4564.300000
5.561400               -44.272000                 -4486.400000
5.567500               -43.510000                 -4439.800000
5.573500               -43.358000                 -4413.300000
5.579600               -42.901000                 -4347.400000
5.585600               -42.291000                 -4284.700000
5.591700               -41.453000                 -4259.800000
5.597700               -40.919000                 -4206.700000
5.603800               -40.234000                 -4136.800000
5.609800               -39.853000                 -4104.700000
5.615900               -38.862000                 -4068.500000
5.621900               -38.329000                 -3993.000000
5.628000               -38.176000                 -3952.000000
5.634000               -37.262000                 -3923.900000
5.640100               -36.424000                 -3854.000000
5.646100               -36.119000                 -3795.300000
5.652200               -34.823000                 -3772.000000
5.658200               -35.128000                 -3717.400000
5.664300               -34.061000                 -3648.200000
5.670300               -34.061000                 -3622.500000
5.676400               -32.842000                 -3581.600000
5.682400               -32.461000                 -3505.200000
5.688500               -31.547000                 -3465.000000
5.694500               -31.623000                 -3438.500000
5.700600               -30.556000                 -3366.200000
5.706600               -29.794000                 -3310.000000
5.712700               -29.337000                 -3287.500000
5.718700               -28.880000                 -3228.000000
5.724800               -28.118000                 -3159.700000
5.730800               -27.508000                 -3131.500000
5.736900               -26.822000                 -3091.400000
5.742900               -26.594000                 -3016.600000
5.749000               -26.213000                 -2978.900000
5.755100               -25.222000                 -2947.500000
5.761100               -24.536000                 -2876.800000
5.767200               -24.003000                 -2822.200000
5.773200               -23.393000                 -2798.100000
5.779300               -22.555000                 -2736.200000
5.785300               -22.022000                 -2669.500000
5.791400               -21.488000                 -2643.800000
5.797400               -21.184000                 -2602.000000
5.803500               -20.879000                 -2529.700000
5.809500               -19.660000                 -2492.700000
5.815600               -19.431000                 -2462.200000
5.821600               -18.593000                 -2391.400000
5.827700               -18.593000                 -2342.400000
5.833700               -17.145000                 -2315.900000
5.839800               -16.612000                 -2254.800000
5.845800               -16.383000                 -2194.600000
5.851900               -15.469000                 -2168.900000
5.857900               -15.011000                 -2124.700000
5.864000               -14.402000                 -2053.900000
5.870000               -13.487000                 -2020.200000
5.876100               -12.954000                 -1991.300000
5.882100               -12.802000                 -1921.400000
5.888200               -12.268000                 -1874.700000
5.894200               -11.659000                 -1849.800000
5.900300               -10.287000                 -1785.500000
5.906300               -10.668000                 -1726.900000
5.912400               -9.829800                 -1706.000000
5.918400               -8.458200                 -1657.800000
5.924500               -8.458200                 -1587.900000
5.930500               -8.077200                 -1558.100000
5.936600               -6.858000                 -1524.400000
5.942700               -6.858000                 -1454.500000
5.948700               -5.791200                 -1411.100000
5.954800               -4.953000                 -1385.400000
5.960800               -4.267200                 -1323.500000
5.966900               -3.886200                 -1264.800000
5.972900               -3.733800                 -1244.800000
5.979000               -2.667000                 -1194.100000
5.985000               -1.981200                 -1125.800000
5.991100               -1.066800                 -1098.500000
5.997100               -1.066800                 -1066.300000
6.003200               -0.457200                 -994.830000
6.009200               0.381000                 -954.650000


Цикл № 4
Шаг  № 1
Точек  993
Циклическая потенцио. развертка, Скорость развертки 100,12 мВ/с.
Время, с.              Потенциал, мВ            Ток, мкА
0.006100               0.990600                 -931.350000
0.012100               1.676400                 -863.040000
0.018200               1.828800                 -813.220000
0.024200               2.438400                 -797.950000
0.030300               3.429000                 -742.510000
0.036300               3.886200                 -679.030000
0.042400               3.429000                 -657.330000
0.048400               5.029200                 -619.560000
0.054500               5.410200                 -549.650000
0.060500               6.248400                 -514.290000
0.066600               6.781800                 -489.380000
0.072600               7.620000                 -421.880000
0.078700               8.153400                 -372.060000
0.084700               8.686800                 -353.580000
0.090800               9.144000                 -298.130000
0.096800               10.058000                 -236.250000
0.102900               11.049000                 -213.750000
0.108900               11.125000                 -175.980000
0.115000               11.811000                 -106.070000
0.121000               12.116000                 -76.340000
0.127100               12.573000                 -51.430000
0.133100               13.564000                 13.660000
0.139200               14.402000                 60.270000
0.145200               14.402000                 78.750000
0.151300               15.469000                 137.410000
0.157300               16.002000                 195.270000
0.163400               16.231000                 215.360000
0.169400               17.145000                 257.950000
0.175500               17.755000                 323.840000
0.181500               18.593000                 349.560000
0.187600               18.669000                 379.290000
0.193700               19.279000                 446.790000
0.199700               19.888000                 485.360000
0.205800               20.803000                 507.060000
0.211800               20.879000                 567.330000
0.217900               21.565000                 621.170000
0.223900               22.860000                 640.450000
0.230000               23.622000                 687.860000
0.236000               23.470000                 748.940000
0.242100               24.460000                 772.240000
0.248100               24.765000                 805.190000
0.254200               25.527000                 872.690000
0.260200               25.908000                 905.630000
0.266300               26.518000                 926.530000
0.272300               27.584000                 990.010000
0.278400               28.499000                 1041.400000
0.284400               28.499000                 1056.700000
0.290500               29.489000                 1108.900000
0.296500               29.718000                 1167.600000
0.302600               29.794000                 1186.900000
0.308600               30.632000                 1222.300000
0.314700               31.242000                 1287.300000
0.320700               32.233000                 1320.300000
0.326800               33.071000                 1343.600000
0.332800               33.376000                 1407.100000
0.338900               34.138000                 1452.100000
0.344900               34.290000                 1468.100000
0.351000               35.052000                 1523.600000
0.357000               35.357000                 1578.200000
0.363100               36.652000                 1597.500000
0.369100               36.881000                 1637.700000
0.375200               37.643000                 1699.600000
0.381200               37.338000                 1725.300000
0.387300               38.938000                 1753.400000
0.393400               39.395000                 1816.900000
0.399400               40.462000                 1856.300000
0.405500               40.843000                 1875.600000
0.411500               41.300000                 1931.000000
0.417600               41.834000                 1983.200000
0.423600               42.748000                 2000.100000
0.429700               43.129000                 2045.100000
0.435700               43.815000                 2106.200000
0.441800               44.044000                 2126.300000
0.447800               44.806000                 2156.800000
0.453900               45.796000                 2223.500000
0.459900               46.330000                 2255.700000
0.466000               47.092000                 2276.500000
0.472000               47.473000                 2336.000000
0.478100               47.473000                 2384.200000
0.484100               48.692000                 2399.500000
0.490200               48.692000                 2448.500000
0.496200               49.606000                 2507.200000
0.502300               50.521000                 2528.100000
0.508300               50.444000                 2557.800000
0.514400               51.587000                 2624.500000
0.520400               51.435000                 2652.600000
0.526500               52.654000                 2673.500000
0.532500               52.959000                 2733.000000
0.538600               53.873000                 2779.600000
0.544600               54.712000                 2794.000000
0.550700               54.940000                 2845.500000
0.556700               56.159000                 2901.700000
0.562800               56.540000                 2920.200000
0.568800               57.074000                 2955.600000
0.574900               57.302000                 3015.800000
0.581000               58.217000                 3041.500000
0.587000               58.750000                 3064.800000
0.593100               59.284000                 3126.700000
0.599100               60.198000                 3166.100000
0.605200               60.960000                 3183.800000
0.611200               61.417000                 3236.800000
0.617300               61.493000                 3287.500000
0.623300               62.941000                 3305.100000
0.629400               63.170000                 3345.300000
0.635400               63.932000                 3404.000000
0.641500               63.779000                 3425.700000
0.647500               64.770000                 3452.200000
0.653600               65.380000                 3514.900000
0.659600               65.456000                 3546.200000
0.665700               66.904000                 3568.700000
0.671700               66.980000                 3624.200000
0.677800               67.894000                 3673.200000
0.683800               68.199000                 3685.200000
0.689900               68.961000                 3730.200000
0.695900               69.494000                 3788.100000
0.702000               70.409000                 3808.200000
0.708000               70.790000                 3837.100000
0.714100               71.780000                 3900.600000
0.720100               71.857000                 3927.900000
0.726200               72.847000                 3950.400000
0.732200               73.838000                 4008.300000
0.738300               74.447000                 4054.900000
0.744300               74.600000                 4066.900000
0.750400               75.286000                 4115.100000
0.756400               76.200000                 4172.200000
0.762500               76.200000                 4187.500000
0.768600               77.191000                 4220.400000
0.774600               77.343000                 4283.100000
0.780700               78.257000                 4308.000000
0.786700               79.096000                 4331.300000
0.792800               79.781000                 4390.000000
0.798800               80.315000                 4430.100000
0.804900               80.315000                 4445.400000
0.810900               81.686000                 4497.600000
0.817000               82.220000                 4551.500000
0.823000               82.296000                 4565.100000
0.829100               83.058000                 4602.900000
0.835100               83.591000                 4662.400000
0.841200               83.439000                 4684.100000
0.847200               84.887000                 4710.600000
0.853300               85.344000                 4772.500000
0.859300               86.487000                 4807.800000
0.865400               86.411000                 4823.900000
0.871400               86.944000                 4879.300000
0.877500               88.163000                 4930.000000
0.883500               88.544000                 4942.800000
0.889600               88.925000                 4985.400000
0.895600               89.459000                 5041.700000
0.901700               90.602000                 5061.700000
0.907700               90.907000                 5088.300000
0.913800               91.745000                 5150.900000
0.919800               92.964000                 5183.100000
0.925900               93.040000                 5200.800000
0.931900               93.421000                 5256.200000
0.938000               94.412000                 5302.800000
0.944000               94.412000                 5314.100000
0.950100               95.479000                 5359.100000
0.956100               95.326000                 5413.700000
0.962200               96.393000                 5432.200000
0.968300               96.774000                 5460.300000
0.974300               98.222000                 5524.600000
0.980400               98.831000                 5551.900000
0.986400               98.679000                 5568.800000
0.992500               99.517000                 5626.700000
0.998500               99.670000                 5667.700000
1.004600               99.898000                 5679.700000
1.010600               101.120000                 5729.500000
1.016700               101.960000                 5782.600000
1.022700               102.260000                 5798.600000
1.028800               102.950000                 5830.000000
1.034800               103.330000                 5888.600000
1.040900               104.550000                 5914.300000
1.046900               104.390000                 5932.800000
1.053000               105.310000                 5992.300000
1.059000               105.690000                 6027.700000
1.065100               106.830000                 6043.700000
1.071100               107.210000                 6091.900000
1.077200               107.290000                 6141.800000
1.083200               108.200000                 6157.000000
1.089300               108.890000                 6194.000000
1.095300               109.190000                 6248.600000
1.101400               111.020000                 6271.900000
1.107400               111.020000                 6292.800000
1.113500               111.630000                 6353.900000
1.119500               111.940000                 6386.800000
1.125600               112.700000                 6402.100000
1.131600               113.610000                 6453.500000
1.137700               114.070000                 6501.800000
1.143700               114.300000                 6513.800000
1.149800               115.290000                 6551.600000
1.155900               115.980000                 6611.000000
1.161900               116.360000                 6626.300000
1.168000               116.810000                 6652.800000
1.174000               117.730000                 6712.300000
1.180100               118.190000                 6741.200000
1.186100               117.960000                 6754.900000
1.192200               119.410000                 6811.100000
1.198200               120.090000                 6856.100000
1.204300               120.850000                 6866.600000
1.210300               121.310000                 6911.600000
1.216400               121.770000                 6963.000000
1.222400               122.910000                 6979.100000
1.228500               122.680000                 7003.200000
1.234500               123.290000                 7064.300000
1.240600               125.120000                 7091.600000
1.246600               124.970000                 7106.900000
1.252700               125.120000                 7161.500000
1.258700               125.350000                 7200.900000
1.264800               126.340000                 7212.900000
1.270800               127.030000                 7259.500000
1.276900               128.170000                 7311.000000
1.282900               128.400000                 7323.000000
1.289000               128.930000                 7355.200000
1.295000               129.920000                 7412.200000
1.301100               130.380000                 7433.100000
1.307100               130.840000                 7453.200000
1.313200               131.750000                 7508.700000
1.319200               132.130000                 7546.400000
1.325300               132.890000                 7558.500000
1.331300               133.730000                 7606.700000
1.337400               134.490000                 7654.100000
1.343500               134.190000                 7663.700000
1.349500               135.180000                 7700.700000
1.355600               135.870000                 7753.700000
1.361600               137.010000                 7775.400000
1.367700               137.080000                 7796.300000
1.373700               138.070000                 7852.600000
1.379800               138.300000                 7881.500000
1.385800               138.840000                 7896.000000
1.391900               139.220000                 7944.200000
1.397900               140.130000                 7991.600000
1.404000               140.590000                 8000.400000
1.410000               141.280000                 8038.200000
1.416100               141.810000                 8091.300000
1.422100               142.110000                 8105.700000
1.428200               143.180000                 8130.600000
1.434200               143.410000                 8186.900000
1.440300               144.250000                 8211.800000
1.446300               144.630000                 8226.300000
1.452400               145.470000                 8276.900000
1.458400               145.620000                 8318.700000
1.464500               145.850000                 8326.700000
1.470500               147.140000                 8368.500000
1.476600               147.220000                 8416.700000
1.482600               148.740000                 8432.800000
1.488700               149.050000                 8455.300000
1.494700               149.280000                 8510.700000
1.500800               149.280000                 8489.000000
1.506800               149.200000                 8419.900000
1.512900               148.440000                 8381.300000
1.518900               147.980000                 8331.500000
1.525000               147.070000                 8252.000000
1.531000               146.690000                 8207.000000
1.537100               146.230000                 8167.600000
1.543200               145.240000                 8092.100000
1.549200               145.010000                 8032.600000
1.555300               144.400000                 7999.600000
1.561300               143.100000                 7929.700000
1.567400               142.880000                 7859.800000
1.573400               142.260000                 7825.300000
1.579500               142.420000                 7773.000000
1.585500               140.660000                 7694.300000
1.591600               140.890000                 7654.100000
1.597600               139.600000                 7612.300000
1.603700               139.060000                 7534.400000
1.609700               138.840000                 7482.100000
1.615800               138.300000                 7446.800000
1.621800               137.850000                 7376.100000
1.627900               136.780000                 7309.400000
1.633900               135.560000                 7274.800000
1.640000               135.870000                 7221.000000
1.646000               135.250000                 7147.800000
1.652100               134.420000                 7108.500000
1.658100               133.660000                 7063.500000
1.664200               133.730000                 6988.700000
1.670200               132.510000                 6938.900000
1.676300               131.220000                 6902.000000
1.682300               131.900000                 6835.300000
1.688400               130.990000                 6770.200000
1.694400               130.070000                 6739.600000
1.700500               129.310000                 6678.600000
1.706500               129.240000                 6609.400000
1.712600               128.470000                 6574.900000
1.718600               128.020000                 6530.700000
1.724700               126.950000                 6453.500000
1.730800               126.800000                 6409.300000
1.736800               126.030000                 6372.400000
1.742900               125.960000                 6304.100000
1.748900               124.820000                 6241.400000
1.755000               123.750000                 6212.500000
1.761000               124.210000                 6154.600000
1.767100               122.830000                 6084.700000
1.773100               122.300000                 6051.000000
1.779200               122.530000                 6006.800000
1.785200               121.390000                 5932.000000
1.791300               120.620000                 5891.800000
1.797300               120.240000                 5854.900000
1.803400               118.950000                 5782.600000
1.809400               118.640000                 5729.500000
1.815500               118.030000                 5699.000000
1.821500               117.270000                 5637.100000
1.827600               117.120000                 5572.800000
1.833600               116.890000                 5544.700000
1.839700               115.520000                 5492.500000
1.845700               114.380000                 5421.800000
1.851800               114.760000                 5386.400000
1.857800               114.300000                 5348.600000
1.863900               114.000000                 5280.300000
1.869900               112.550000                 5229.700000
1.876000               111.940000                 5198.400000
1.882000               112.010000                 5138.900000
1.888100               110.870000                 5074.600000
1.894100               110.340000                 5047.300000
1.900200               110.110000                 4996.700000
1.906200               109.350000                 4930.000000
1.912300               108.890000                 4897.000000
1.918400               107.970000                 4857.600000
1.924400               107.290000                 4786.900000
1.930500               106.600000                 4743.500000
1.936500               106.600000                 4714.600000
1.942600               104.390000                 4647.900000
1.948600               104.930000                 4590.800000
1.954700               104.470000                 4568.300000
1.960700               102.870000                 4510.500000
1.966800               102.870000                 4447.800000
1.972800               101.800000                 4415.700000
1.978900               102.180000                 4377.900000
1.984900               102.030000                 4311.200000
1.991000               100.810000                 4270.200000
1.997000               100.200000                 4240.500000
2.003100               100.130000                 4178.600000
2.009100               98.831000                 4121.600000
2.015200               98.450000                 4098.300000
2.021200               97.841000                 4042.000000
2.027300               97.155000                 3981.700000
2.033300               96.088000                 3952.000000
2.039400               96.088000                 3913.400000
2.045400               95.326000                 3845.100000
2.051500               94.640000                 3809.000000
2.057500               93.802000                 3778.400000
2.063600               93.497000                 3714.200000
2.069600               92.888000                 3665.100000
2.075700               92.583000                 3641.000000
2.081700               91.821000                 3584.800000
2.087800               90.830000                 3526.100000
2.093800               90.068000                 3499.600000
2.099900               89.916000                 3457.000000
2.105900               89.078000                 3392.700000
2.112000               88.240000                 3361.400000
2.118100               87.935000                 3330.000000
2.124100               86.944000                 3264.900000
2.130200               86.411000                 3224.000000
2.136200               86.335000                 3197.400000
2.142300               85.268000                 3138.000000
2.148300               85.115000                 3087.300000
2.154400               84.887000                 3064.800000
2.160400               83.668000                 3015.800000
2.166500               83.210000                 2956.400000
2.172500               81.839000                 2926.600000
2.178600               81.610000                 2892.900000
2.184600               81.229000                 2829.400000
2.190700               80.772000                 2793.200000
2.196700               80.010000                 2767.500000
2.202800               79.705000                 2708.900000
2.208800               79.019000                 2658.200000
2.214900               78.410000                 2638.100000
2.220900               77.648000                 2587.500000
2.227000               76.581000                 2529.700000
2.233000               76.429000                 2504.800000
2.239100               75.590000                 2469.400000
2.245100               74.828000                 2405.100000
2.251200               74.524000                 2374.600000
2.257200               73.152000                 2347.300000
2.263300               73.533000                 2289.400000
2.269300               72.847000                 2243.600000
2.275400               71.857000                 2221.900000
2.281400               71.704000                 2171.300000
2.287500               71.247000                 2116.600000
2.293500               70.637000                 2094.900000
2.299600               69.647000                 2053.900000
2.305700               68.504000                 1994.500000
2.311700               68.732000                 1966.400000
2.317800               67.742000                 1939.000000
2.323800               67.742000                 1882.000000
2.329900               66.599000                 1840.200000
2.335900               65.989000                 1819.300000
2.342000               65.989000                 1766.300000
2.348000               64.770000                 1715.600000
2.354100               64.541000                 1696.400000
2.360100               63.170000                 1654.600000
2.366200               62.865000                 1598.300000
2.372200               62.636000                 1574.200000
2.378300               62.255000                 1545.300000
2.384300               61.874000                 1486.600000
2.390400               60.655000                 1451.300000
2.396400               59.817000                 1430.400000
2.402500               59.284000                 1374.900000
2.408500               58.750000                 1329.100000
2.414600               58.141000                 1311.400000
2.420600               57.455000                 1267.200000
2.426700               56.693000                 1213.400000
2.432700               56.540000                 1191.700000
2.438800               55.702000                 1160.400000
2.444800               55.016000                 1103.300000
2.450900               54.559000                 1072.800000
2.456900               53.721000                 1049.500000
2.463000               53.416000                 996.440000
2.469000               52.730000                 953.050000
2.475100               52.121000                 936.170000
2.481100               51.664000                 888.760000
2.487200               50.902000                 838.130000
2.493300               50.521000                 820.460000
2.499300               49.682000                 784.290000
2.505400               48.768000                 728.040000
2.511400               48.616000                 703.940000
2.517500               48.158000                 679.830000
2.523500               47.092000                 625.990000
2.529600               46.787000                 589.830000
2.535600               46.253000                 570.540000
2.541700               45.644000                 521.520000
2.547700               45.187000                 475.720000
2.553800               44.348000                 456.430000
2.559800               44.120000                 421.080000
2.565900               43.053000                 367.240000
2.571900               42.596000                 344.740000
2.578000               41.758000                 318.220000
2.584000               40.843000                 263.570000
2.590100               40.691000                 232.230000
2.596100               40.386000                 213.750000
2.602200               39.700000                 163.130000
2.608200               39.014000                 120.540000
2.614300               38.405000                 106.070000
2.620300               37.643000                 63.480000
2.626400               37.109000                 13.660000
2.632400               35.890000                 -7.230000
2.638500               35.585000                 -35.360000
2.644500               35.662000                 -85.180000
2.650600               34.519000                 -114.110000
2.656600               34.290000                 -134.200000
2.662700               33.376000                 -186.430000
2.668700               32.690000                 -225.810000
2.674800               32.385000                 -239.470000
2.680800               31.852000                 -282.860000
2.686900               31.318000                 -328.660000
2.693000               30.861000                 -347.950000
2.699000               29.947000                 -376.080000
2.705100               29.489000                 -430.720000
2.711100               28.727000                 -455.630000
2.717200               28.118000                 -475.720000
2.723200               27.356000                 -526.340000
2.729300               26.670000                 -564.110000
2.735300               26.365000                 -578.580000
2.741400               25.375000                 -622.770000
2.747400               25.146000                 -669.380000
2.753500               24.765000                 -683.850000
2.759500               23.546000                 -716.790000
2.765600               23.393000                 -768.220000
2.771600               22.784000                 -790.720000
2.777700               21.488000                 -814.030000
2.783700               21.565000                 -863.850000
2.789800               20.726000                 -896.800000
2.795800               20.726000                 -912.060000
2.801900               19.279000                 -959.470000
2.807900               18.821000                 -1002.900000
2.814000               17.831000                 -1018.100000
2.820000               18.288000                 -1050.300000
2.826100               16.764000                 -1102.500000
2.832100               16.154000                 -1121.000000
2.838200               15.850000                 -1145.100000
2.844200               15.316000                 -1195.700000
2.850300               14.707000                 -1225.500000
2.856300               14.249000                 -1241.500000
2.862400               12.802000                 -1291.300000
2.868400               12.802000                 -1330.700000
2.874500               12.497000                 -1342.800000
2.880600               12.344000                 -1380.500000
2.886600               11.201000                 -1431.200000
2.892700               10.516000                 -1447.200000
2.898700               9.601200                 -1473.800000
2.904800               9.296400                 -1524.400000
2.910800               8.305800                 -1550.900000
2.916900               7.467600                 -1570.200000
2.922900               7.620000                 -1618.400000
2.929000               6.781800                 -1657.800000
2.935000               6.172200                 -1668.200000
2.941100               5.334000                 -1710.800000
2.947100               5.334000                 -1755.800000
2.953200               4.114800                 -1773.500000
2.959200               3.962400                 -1799.200000
2.965300               3.505200                 -1849.800000
2.971300               2.895600                 -1873.100000
2.977400               1.905000                 -1893.200000
2.983400               1.905000                 -1938.200000
2.989500               0.990600                 -1974.400000
2.995500               0.381000                 -1988.100000
3.001600               0.076200                 -2031.400000
3.007600               -1.143000                 -2076.400000
3.013700               -1.295400                 -2088.500000
3.019700               -2.133600                 -2123.900000
3.025800               -2.819400                 -2172.100000
3.031800               -2.514600                 -2192.200000
3.037900               -3.733800                 -2213.900000
3.043900               -4.572000                 -2264.500000
3.050000               -5.181600                 -2296.600000
3.056000               -6.172200                 -2312.700000
3.062100               -6.553200                 -2357.700000
3.068200               -7.315200                 -2399.500000
3.074200               -7.620000                 -2413.100000
3.080300               -8.077200                 -2449.300000
3.086300               -8.686800                 -2496.700000
3.092400               -9.220200                 -2516.000000
3.098400               -9.829800                 -2539.300000
3.104500               -10.363000                 -2589.900000
3.110500               -11.201000                 -2620.500000
3.116600               -11.887000                 -2637.400000
3.122600               -12.421000                 -2683.100000
3.128700               -13.183000                 -2726.600000
3.134700               -13.792000                 -2739.400000
3.140800               -14.402000                 -2775.600000
3.146800               -15.011000                 -2824.600000
3.152900               -15.011000                 -2840.700000
3.158900               -15.926000                 -2866.400000
3.165000               -16.612000                 -2919.400000
3.171000               -17.221000                 -2947.500000
3.177100               -18.136000                 -2965.200000
3.183100               -18.364000                 -3012.600000
3.189200               -19.202000                 -3054.400000
3.195200               -19.583000                 -3066.500000
3.201300               -19.964000                 -3105.000000
3.207300               -21.107000                 -3155.700000
3.213400               -21.412000                 -3170.100000
3.219400               -22.250000                 -3198.200000
3.225500               -22.479000                 -3250.500000
3.231500               -23.317000                 -3277.800000
3.237600               -24.003000                 -3296.300000
3.243600               -24.689000                 -3346.100000
3.249700               -25.070000                 -3386.300000
3.255700               -25.984000                 -3401.500000
3.261800               -26.441000                 -3441.700000
3.267900               -27.051000                 -3489.900000
3.273900               -27.432000                 -3506.000000
3.280000               -28.118000                 -3534.100000
3.286000               -28.575000                 -3587.200000
3.292100               -29.413000                 -3612.900000
3.298100               -29.642000                 -3632.200000
3.304200               -30.709000                 -3684.400000
3.310200               -31.394000                 -3722.200000
3.316300               -31.471000                 -3736.700000
3.322300               -32.766000                 -3781.600000
3.328400               -33.452000                 -3830.700000
3.334400               -34.214000                 -3848.300000
3.340500               -34.290000                 -3878.100000
3.346500               -34.671000                 -3931.100000
3.352600               -35.281000                 -3956.000000
3.358600               -35.890000                 -3977.700000
3.364700               -37.033000                 -4030.800000
3.370700               -37.109000                 -4064.500000
3.376800               -37.719000                 -4081.400000
3.382800               -37.719000                 -4127.200000
3.388900               -39.091000                 -4177.000000
3.394900               -39.776000                 -4193.100000
3.401000               -40.234000                 -4228.400000
3.407000               -40.615000                 -4279.900000
3.413100               -41.072000                 -4303.200000
3.419100               -41.986000                 -4328.100000
3.425200               -42.443000                 -4381.900000
3.431200               -43.129000                 -4417.300000
3.437300               -43.739000                 -4436.600000
3.443300               -44.653000                 -4486.400000
3.449400               -44.958000                 -4530.600000
3.455500               -45.796000                 -4547.500000
3.461500               -46.177000                 -4586.800000
3.467600               -46.787000                 -4638.300000
3.473600               -47.473000                 -4660.800000
3.479700               -48.082000                 -4688.900000
3.485700               -48.616000                 -4743.500000
3.491800               -49.301000                 -4777.300000
3.497800               -49.454000                 -4795.000000
3.503900               -50.216000                 -4846.400000
3.509900               -51.130000                 -4892.200000
3.516000               -51.435000                 -4909.900000
3.522000               -51.664000                 -4950.100000
3.528100               -53.416000                 -5004.700000
3.534100               -53.264000                 -5024.800000
3.540200               -54.254000                 -5056.100000
3.546200               -54.940000                 -5114.000000
3.552300               -55.397000                 -5143.700000
3.558300               -55.321000                 -5164.600000
3.564400               -56.540000                 -5219.200000
3.570400               -56.998000                 -5264.200000
3.576500               -57.302000                 -5278.700000
3.582500               -58.293000                 -5326.100000
3.588600               -58.750000                 -5377.600000
3.594600               -59.512000                 -5400.900000
3.600700               -60.046000                 -5429.800000
3.606700               -60.427000                 -5488.500000
3.612800               -61.265000                 -5518.200000
3.618800               -61.722000                 -5543.100000
3.624900               -62.103000                 -5596.900000
3.630900               -62.941000                 -5642.700000
3.637000               -62.941000                 -5658.000000
3.643100               -63.932000                 -5707.800000
3.649100               -64.770000                 -5762.500000
3.655200               -65.532000                 -5784.200000
3.661200               -65.761000                 -5816.300000
3.667300               -66.370000                 -5875.800000
3.673300               -66.980000                 -5903.900000
3.679400               -67.589000                 -5930.400000
3.685400               -68.809000                 -5989.900000
3.691500               -69.113000                 -6029.300000
3.697500               -69.723000                 -6050.200000
3.703600               -70.409000                 -6100.800000
3.709600               -70.561000                 -6154.600000
3.715700               -71.857000                 -6174.700000
3.721700               -72.314000                 -6214.100000
3.727800               -72.009000                 -6270.300000
3.733800               -73.304000                 -6300.100000
3.739900               -74.143000                 -6328.200000
3.745900               -74.981000                 -6388.500000
3.752000               -75.209000                 -6427.800000
3.758000               -76.048000                 -6451.100000
3.764100               -76.733000                 -6505.000000
3.770100               -76.886000                 -6555.600000
3.776200               -77.876000                 -6577.300000
3.782200               -78.410000                 -6622.300000
3.788300               -78.715000                 -6677.700000
3.794300               -79.096000                 -6704.300000
3.800400               -80.010000                 -6737.200000
3.806400               -80.391000                 -6800.700000
3.812500               -81.305000                 -6836.100000
3.818500               -82.067000                 -6861.000000
3.824600               -82.829000                 -6918.800000
3.830600               -82.829000                 -6968.700000
3.836700               -83.287000                 -6988.700000
3.842800               -84.049000                 -7038.600000
3.848800               -84.887000                 -7096.400000
3.854900               -85.877000                 -7122.900000
3.860900               -86.030000                 -7156.700000
3.867000               -86.716000                 -7221.000000
3.873000               -87.630000                 -7257.900000
3.879100               -87.630000                 -7282.800000
3.885100               -88.163000                 -7343.100000
3.891200               -89.383000                 -7397.000000
3.897200               -89.840000                 -7415.400000
3.903300               -90.373000                 -7469.300000
3.909300               -90.983000                 -7528.700000
3.915400               -91.897000                 -7555.300000
3.921400               -91.669000                 -7590.600000
3.927500               -92.583000                 -7658.900000
3.933500               -93.650000                 -7694.300000
3.939600               -94.107000                 -7721.600000
3.945600               -94.564000                 -7783.500000
3.951700               -95.479000                 -7835.700000
3.957700               -95.707000                 -7856.600000
3.963800               -97.307000                 -7912.800000
3.969800               -96.698000                 -7970.700000
3.975900               -97.307000                 -7997.200000
3.981900               -98.527000                 -8039.800000
3.988000               -99.060000                 -8107.300000
3.994000               -99.593000                 -8139.500000
4.000100               -100.050000                 -8171.600000
4.006100               -100.280000                 -8238.300000
4.012200               -101.040000                 -8286.500000
4.018200               -101.800000                 -8311.400000
4.024300               -102.560000                 -8370.100000
4.030400               -103.100000                 -8429.600000
4.036400               -103.480000                 -8457.700000
4.042500               -104.390000                 -8501.900000
4.048500               -104.620000                 -8568.600000
4.054600               -105.390000                 -8603.100000
4.060600               -106.070000                 -8638.500000
4.066700               -106.530000                 -8705.200000
4.072700               -106.980000                 -8750.200000
4.078800               -107.590000                 -8779.900000
4.084800               -108.200000                 -8839.400000
4.090900               -108.810000                 -8902.900000
4.096900               -109.120000                 -8924.600000
4.103000               -110.490000                 -8979.200000
4.109000               -110.640000                 -9045.100000
4.115100               -111.710000                 -9078.800000
4.121100               -112.170000                 -9116.600000
4.127200               -112.780000                 -9184.900000
4.133200               -113.160000                 -9228.300000
4.139300               -114.000000                 -9261.300000
4.145300               -113.920000                 -9323.100000
4.151400               -115.520000                 -9385.000000
4.157400               -115.440000                 -9409.100000
4.163500               -116.050000                 -9465.400000
4.169500               -117.350000                 -9536.100000
4.175600               -117.420000                 -9565.000000
4.181600               -117.580000                 -9604.400000
4.187700               -119.020000                 -9679.900000
4.193700               -119.180000                 -9721.700000
4.199800               -119.630000                 -9754.700000
4.205800               -120.930000                 -9825.400000
4.211900               -121.080000                 -9883.200000
4.218000               -121.460000                 -9908.100000
4.224000               -122.150000                 -9970.000000
4.230100               -122.760000                 -10037.000000
4.236100               -124.050000                 -10072.000000
4.242200               -123.750000                 -10115.000000
4.248200               -124.440000                 -10190.000000
4.254300               -125.120000                 -10231.000000
4.260300               -125.580000                 -10267.000000
4.266400               -125.880000                 -10340.000000
4.272400               -127.250000                 -10399.000000
4.278500               -127.860000                 -10428.000000
4.284500               -128.170000                 -10492.000000
4.290600               -129.080000                 -10560.000000
4.296600               -128.930000                 -10594.000000
4.302700               -130.300000                 -10643.000000
4.308700               -131.140000                 -10721.000000
4.314800               -131.440000                 -10762.000000
4.320800               -132.060000                 -10799.000000
4.326900               -132.130000                 -10872.000000
4.332900               -133.120000                 -10930.000000
4.339000               -133.660000                 -10964.000000
4.345000               -133.810000                 -11031.000000
4.351100               -134.870000                 -11101.000000
4.357100               -135.640000                 -11134.000000
4.363200               -135.790000                 -11188.000000
4.369200               -136.630000                 -11265.000000
4.375300               -136.930000                 -11304.000000
4.381300               -138.150000                 -11349.000000
4.387400               -138.300000                 -11425.000000
4.393400               -138.990000                 -11481.000000
4.399500               -139.140000                 -11514.000000
4.405500               -140.130000                 -11590.000000
4.411600               -140.890000                 -11657.000000
4.417700               -141.350000                 -11691.000000
4.423700               -142.190000                 -11752.000000
4.429800               -142.650000                 -11829.000000
4.435800               -143.100000                 -11869.000000
4.441900               -143.790000                 -11916.000000
4.447900               -144.400000                 -11998.000000
4.454000               -145.310000                 -12050.000000
4.460000               -145.310000                 -12089.000000
4.466100               -147.070000                 -12169.000000
4.472100               -147.220000                 -12235.000000
4.478200               -147.750000                 -12269.000000
4.484200               -148.280000                 -12338.000000
4.490300               -149.050000                 -12415.000000
4.496300               -149.200000                 -12451.000000
4.502400               -149.430000                 -12492.000000
4.508400               -148.900000                 -12498.000000
4.514500               -148.670000                 -12453.000000
4.520500               -148.360000                 -12403.000000
4.526600               -147.290000                 -12389.000000
4.532600               -146.910000                 -12362.000000
4.538700               -145.770000                 -12301.000000
4.544700               -146.460000                 -12281.000000
4.550800               -145.620000                 -12262.000000
4.556800               -144.550000                 -12205.000000
4.562900               -143.410000                 -12164.000000
4.568900               -143.180000                 -12153.000000
4.575000               -142.490000                 -12104.000000
4.581000               -142.650000                 -12054.000000
4.587100               -141.660000                 -12039.000000
4.593100               -141.280000                 -12003.000000
4.599200               -140.590000                 -11944.000000
4.605300               -139.520000                 -11919.000000
4.611300               -138.910000                 -11896.000000
4.617400               -138.230000                 -11834.000000
4.623400               -138.070000                 -11799.000000
4.629500               -136.850000                 -11781.000000
4.635500               -136.780000                 -11727.000000
4.641600               -136.170000                 -11675.000000
4.647600               -135.870000                 -11661.000000
4.653700               -134.870000                 -11617.000000
4.659700               -134.190000                 -11557.000000
4.665800               -133.730000                 -11535.000000
4.671800               -132.970000                 -11507.000000
4.677900               -132.510000                 -11441.000000
4.683900               -131.670000                 -11405.000000
4.690000               -131.440000                 -11386.000000
4.696000               -130.840000                 -11326.000000
4.702100               -130.300000                 -11276.000000
4.708100               -129.460000                 -11261.000000
4.714200               -129.010000                 -11210.000000
4.720200               -127.560000                 -11146.000000
4.726300               -127.790000                 -11126.000000
4.732300               -127.180000                 -11096.000000
4.738400               -126.570000                 -11026.000000
4.744400               -126.030000                 -10995.000000
4.750500               -124.970000                 -10969.000000
4.756500               -125.500000                 -10909.000000
4.762600               -124.590000                 -10858.000000
4.768600               -123.670000                 -10840.000000
4.774700               -122.760000                 -10786.000000
4.780700               -122.760000                 -10725.000000
4.786800               -122.300000                 -10703.000000
4.792900               -121.080000                 -10664.000000
4.798900               -120.850000                 -10598.000000
4.805000               -120.320000                 -10566.000000
4.811000               -118.950000                 -10537.000000
4.817100               -118.570000                 -10472.000000
4.823100               -118.260000                 -10422.000000
4.829200               -116.740000                 -10402.000000
4.835200               -117.040000                 -10346.000000
4.841300               -116.130000                 -10285.000000
4.847300               -115.290000                 -10260.000000
4.853400               -114.910000                 -10221.000000
4.859400               -114.760000                 -10152.000000
4.865500               -114.000000                 -10121.000000
4.871500               -113.460000                 -10093.000000
4.877600               -112.850000                 -10022.000000
4.883600               -112.390000                 -9976.400000
4.889700               -111.250000                 -9953.100000
4.895700               -110.720000                 -9891.300000
4.901800               -109.800000                 -9827.800000
4.907800               -109.500000                 -9810.100000
4.913900               -108.810000                 -9760.300000
4.919900               -108.510000                 -9693.600000
4.926000               -108.280000                 -9666.300000
4.932000               -107.210000                 -9630.900000
4.938100               -106.220000                 -9558.600000
4.944100               -105.990000                 -9516.000000
4.950200               -105.310000                 -9490.300000
4.956200               -105.160000                 -9426.800000
4.962300               -104.090000                 -9368.900000
4.968300               -103.780000                 -9348.900000
4.974400               -103.020000                 -9294.200000
4.980400               -101.880000                 -9225.900000
4.986500               -101.420000                 -9195.400000
4.992600               -100.970000                 -9160.000000
4.998600               -100.510000                 -9086.900000
5.004700               -99.746000                 -9047.500000
5.010700               -98.679000                 -9017.800000
5.016800               -99.365000                 -8952.700000
5.022800               -98.146000                 -8894.000000
5.028900               -98.069000                 -8873.900000
5.034900               -97.155000                 -8815.300000
5.041000               -96.393000                 -8748.600000
5.047000               -95.936000                 -8722.100000
5.053100               -95.021000                 -8682.700000
5.059100               -94.259000                 -8607.200000
5.065200               -93.802000                 -8569.400000
5.071200               -93.193000                 -8538.800000
5.077300               -92.659000                 -8468.100000
5.083300               -92.126000                 -8415.100000
5.089400               -91.897000                 -8391.800000
5.095400               -90.983000                 -8331.500000
5.101500               -90.754000                 -8264.800000
5.107500               -89.992000                 -8238.300000
5.113600               -89.002000                 -8194.100000
5.119600               -88.621000                 -8121.000000
5.125700               -88.392000                 -8085.600000
5.131700               -87.401000                 -8054.300000
5.137800               -86.792000                 -7982.800000
5.143800               -85.801000                 -7928.100000
5.149900               -85.192000                 -7904.000000
5.155900               -84.963000                 -7842.900000
5.162000               -84.353000                 -7775.400000
5.168000               -84.049000                 -7750.500000
5.174100               -83.058000                 -7704.700000
5.180200               -82.067000                 -7629.200000
5.186200               -81.763000                 -7594.600000
5.192300               -81.305000                 -7561.700000
5.198300               -80.162000                 -7487.000000
5.204400               -79.781000                 -7437.100000
5.210400               -79.553000                 -7410.600000
5.216500               -78.791000                 -7346.300000
5.222500               -77.800000                 -7281.200000
5.228600               -77.495000                 -7255.500000
5.234600               -76.962000                 -7205.700000
5.240700               -76.048000                 -7133.400000
5.246700               -75.895000                 -7101.200000
5.252800               -75.209000                 -7065.100000
5.258800               -74.219000                 -6988.700000
5.264900               -74.447000                 -6944.500000
5.270900               -73.000000                 -6914.000000
5.277000               -72.923000                 -6846.500000
5.283000               -72.542000                 -6786.200000
5.289100               -71.933000                 -6762.100000
5.295100               -70.714000                 -6707.500000
5.301200               -70.866000                 -6635.200000
5.307200               -69.875000                 -6604.600000
5.313300               -68.732000                 -6564.400000
5.319300               -68.123000                 -6487.300000
5.325400               -67.666000                 -6446.300000
5.331400               -67.513000                 -6416.600000
5.337500               -66.980000                 -6346.700000
5.343500               -66.065000                 -6286.400000
5.349600               -65.227000                 -6263.100000
5.355600               -64.922000                 -6203.600000
5.361700               -64.541000                 -6133.700000
5.367800               -63.398000                 -6104.000000
5.373800               -63.094000                 -6063.800000
5.379900               -63.551000                 -5989.100000
5.385900               -61.341000                 -5944.900000
5.392000               -61.265000                 -5916.000000
5.398000               -60.503000                 -5843.600000
5.404100               -60.046000                 -5787.400000
5.410100               -59.131000                 -5761.700000
5.416200               -58.903000                 -5702.200000
5.422200               -57.988000                 -5630.700000
5.428300               -57.607000                 -5604.200000
5.434300               -56.921000                 -5560.800000
5.440400               -56.312000                 -5484.400000
5.446400               -55.626000                 -5446.700000
5.452500               -55.093000                 -5414.500000
5.458500               -55.016000                 -5343.800000
5.464600               -54.483000                 -5288.400000
5.470600               -53.645000                 -5264.200000
5.476700               -52.578000                 -5198.400000
5.482700               -52.349000                 -5133.300000
5.488800               -51.206000                 -5104.300000
5.494800               -50.749000                 -5056.900000
5.500900               -50.673000                 -4985.400000
5.506900               -49.835000                 -4949.300000
5.513000               -49.225000                 -4914.700000
5.519000               -48.463000                 -4840.000000
5.525100               -48.463000                 -4790.900000
5.531100               -46.939000                 -4760.400000
5.537200               -46.711000                 -4696.900000
5.543200               -46.177000                 -4633.400000
5.549300               -45.491000                 -4608.500000
5.555300               -45.110000                 -4556.300000
5.561400               -44.272000                 -4484.800000
5.567500               -44.501000                 -4452.600000
5.573500               -43.129000                 -4414.100000
5.579600               -42.672000                 -4340.900000
5.585600               -41.910000                 -4294.300000
5.591700               -41.377000                 -4267.000000
5.597700               -40.767000                 -4197.900000
5.603800               -40.234000                 -4136.000000
5.609800               -39.624000                 -4112.700000
5.615900               -38.938000                 -4057.300000
5.621900               -38.176000                 -3985.800000
5.628000               -37.262000                 -3955.200000
5.634000               -37.338000                 -3919.100000
5.640100               -36.424000                 -3843.500000
5.646100               -36.424000                 -3802.500000
5.652200               -35.204000                 -3772.000000
5.658200               -34.747000                 -3703.700000
5.664300               -34.138000                 -3644.200000
5.670300               -33.376000                 -3620.900000
5.676400               -33.147000                 -3564.700000
5.682400               -32.156000                 -3494.000000
5.688500               -31.775000                 -3465.800000
5.694500               -31.013000                 -3426.500000
5.700600               -30.404000                 -3350.900000
5.706600               -30.175000                 -3312.400000
5.712700               -29.337000                 -3282.600000
5.718700               -28.651000                 -3211.900000
5.724800               -27.889000                 -3153.200000
5.730800               -27.737000                 -3130.700000
5.736900               -26.670000                 -3071.300000
5.742900               -26.822000                 -3007.800000
5.749000               -25.603000                 -2977.300000
5.755100               -25.222000                 -2939.500000
5.761100               -24.384000                 -2863.200000
5.767200               -24.003000                 -2828.600000
5.773200               -23.393000                 -2795.700000
5.779300               -22.936000                 -2726.600000
5.785300               -21.946000                 -2671.100000
5.791400               -21.946000                 -2651.800000
5.797400               -20.650000                 -2588.300000
5.803500               -20.117000                 -2522.400000
5.809500               -19.812000                 -2499.900000
5.815600               -19.279000                 -2456.500000
5.821600               -18.440000                 -2381.000000
5.827700               -18.364000                 -2348.900000
5.833700               -17.297000                 -2319.100000
5.839800               -16.916000                 -2248.400000
5.845800               -16.154000                 -2196.200000
5.851900               -15.545000                 -2172.900000
5.857900               -15.011000                 -2112.600000
5.864000               -14.249000                 -2048.300000
5.870000               -13.487000                 -2023.400000
5.876100               -13.259000                 -1976.800000
5.882100               -12.268000                 -1906.100000
5.888200               -11.963000                 -1877.200000
5.894200               -11.278000                 -1845.800000
5.900300               -10.897000                 -1774.300000
5.906300               -9.677400                 -1727.700000
5.912400               -9.525000                 -1704.400000
5.918400               -8.686800                 -1641.700000
5.924500               -8.534400                 -1583.100000
5.930500               -7.620000                 -1559.700000
5.936600               -6.781800                 -1510.700000
5.942700               -6.553200                 -1443.200000
5.948700               -6.172200                 -1412.700000
5.954800               -5.257800                 -1382.200000
5.960800               -4.267200                 -1310.600000
5.966900               -3.657600                 -1268.900000
5.972900               -3.276600                 -1243.900000
5.979000               -2.743200                 -1180.500000
5.985000               -1.752600                 -1121.000000
5.991100               -1.828800                 -1102.500000
5.997100               -1.295400                 -1051.900000
6.003200               -0.609600                 -986.800000
6.009200               0.457200                 -958.670000


Цикл № 5
Шаг  № 1
Точек  992
Циклическая потенцио. развертка, последний цикл № 5, Скорость развертки 100,12 мВ/с.
Время, с.              Потенциал, мВ            Ток, мкА
0.006100               1.066800                 -924.920000
0.012100               1.828800                 -851.790000
0.018200               2.362200                 -819.650000
0.024200               2.667000                 -796.350000
0.030300               3.352800                 -732.060000
0.036300               4.038600                 -677.420000
0.042400               4.572000                 -658.940000
0.048400               5.334000                 -604.290000
0.054500               5.791200                 -540.010000
0.060500               6.400800                 -517.510000
0.066600               6.934200                 -482.150000
0.072600               7.391400                 -411.430000
0.078700               8.686800                 -376.880000
0.084700               8.686800                 -351.970000
0.090800               9.829800                 -286.070000
0.096800               9.982200                 -237.860000
0.102900               10.744000                 -217.770000
0.108900               11.201000                 -164.730000
0.115000               11.963000                 -101.250000
0.121000               12.116000                 -81.160000
0.127100               12.954000                 -41.790000
0.133100               13.411000                 25.710000
0.139200               13.945000                 54.640000
0.145200               14.783000                 81.970000
0.151300               15.316000                 147.860000
0.157300               15.316000                 192.060000
0.163400               16.154000                 212.150000
0.169400               16.840000                 270.000000
0.175500               17.221000                 327.060000
0.181500               18.212000                 345.540000
0.187600               18.821000                 391.340000
0.193700               20.041000                 457.240000
0.199700               20.498000                 483.760000
0.205800               20.422000                 511.880000
0.211800               21.184000                 577.770000
0.217900               22.098000                 616.350000
0.223900               22.708000                 638.850000
0.230000               23.012000                 698.310000
0.236000               23.470000                 752.150000
0.242100               24.079000                 767.420000
0.248100               25.146000                 818.040000
0.254200               25.832000                 880.720000
0.260200               25.756000                 901.620000
0.266300               26.899000                 934.560000
0.272300               27.661000                 1003.700000
0.278400               27.889000                 1035.800000
0.284400               28.651000                 1058.300000
0.290500               29.032000                 1119.400000
0.296500               29.489000                 1168.400000
0.302600               30.099000                 1184.500000
0.308600               31.166000                 1239.900000
0.314700               31.623000                 1297.800000
0.320700               32.385000                 1319.500000
0.326800               32.614000                 1353.200000
0.332800               33.757000                 1419.900000
0.338900               33.757000                 1447.200000
0.344900               34.823000                 1473.000000
0.351000               35.585000                 1536.400000
0.357000               35.357000                 1579.000000
0.363100               36.576000                 1596.700000
0.369100               36.805000                 1652.200000
0.375200               38.176000                 1709.200000
0.381200               37.795000                 1725.300000
0.387300               38.633000                 1766.300000
0.393400               39.014000                 1828.100000
0.399400               39.624000                 1853.100000
0.405500               40.615000                 1881.200000
0.411500               41.072000                 1946.300000
0.417600               41.758000                 1982.400000
0.423600               42.824000                 2003.300000
0.429700               42.748000                 2060.400000
0.435700               43.358000                 2112.600000
0.441800               44.806000                 2129.500000
0.447800               44.882000                 2175.300000
0.453900               45.263000                 2235.600000
0.459900               45.949000                 2256.500000
0.466000               46.863000                 2287.800000
0.472000               47.473000                 2353.700000
0.478100               48.539000                 2386.600000
0.484100               48.844000                 2406.700000
0.490200               49.454000                 2468.600000
0.496200               49.987000                 2515.200000
0.502300               50.444000                 2530.500000
0.508300               51.130000                 2581.100000
0.514400               51.740000                 2639.000000
0.520400               52.121000                 2656.600000
0.526500               52.426000                 2689.600000
0.532500               53.492000                 2755.500000
0.538600               54.483000                 2782.800000
0.544600               54.635000                 2805.300000
0.550700               55.093000                 2865.600000
0.556700               56.159000                 2910.600000
0.562800               56.693000                 2926.600000
0.568800               57.226000                 2979.700000
0.574900               57.074000                 3031.900000
0.581000               58.293000                 3048.800000
0.587000               58.826000                 3086.500000
0.593100               59.360000                 3149.200000
0.599100               59.893000                 3173.300000
0.605200               60.731000                 3199.100000
0.611200               61.493000                 3260.900000
0.617300               62.484000                 3297.900000
0.623300               62.255000                 3315.600000
0.629400               62.865000                 3370.200000
0.635400               63.932000                 3421.600000
0.641500               64.313000                 3436.100000
0.647500               65.151000                 3479.500000
0.653600               65.761000                 3538.200000
0.659600               66.142000                 3559.900000
0.665700               66.751000                 3587.200000
0.671700               67.437000                 3650.700000
0.677800               67.894000                 3684.400000
0.683800               68.580000                 3702.900000
0.689900               68.732000                 3758.300000
0.695900               69.418000                 3807.400000
0.702000               70.942000                 3822.600000
0.708000               71.095000                 3867.600000
0.714100               71.247000                 3925.500000
0.720100               72.161000                 3945.600000
0.726200               72.771000                 3975.300000
0.732200               73.381000                 4039.600000
0.738300               73.914000                 4067.700000
0.744300               74.600000                 4087.800000
0.750400               75.362000                 4147.300000
0.756400               75.819000                 4193.900000
0.762500               76.581000                 4207.500000
0.768600               77.114000                 4258.200000
0.774600               77.343000                 4313.600000
0.780700               77.724000                 4329.700000
0.786700               78.638000                 4363.400000
0.792800               78.943000                 4424.500000
0.798800               80.467000                 4454.200000
0.804900               80.162000                 4475.100000
0.810900               81.229000                 4537.000000
0.817000               81.915000                 4577.200000
0.823000               82.448000                 4592.500000
0.829100               83.210000                 4644.700000
0.835100               83.515000                 4697.700000
0.841200               84.582000                 4715.400000
0.847200               84.734000                 4753.200000
0.853300               85.725000                 4813.400000
0.859300               85.192000                 4835.100000
0.865400               86.868000                 4861.700000
0.871400               87.706000                 4925.100000
0.877500               88.544000                 4960.500000
0.883500               88.240000                 4975.800000
0.889600               89.154000                 5030.400000
0.895600               89.535000                 5080.200000
0.901700               90.602000                 5093.100000
0.907700               90.983000                 5136.500000
0.913800               91.440000                 5195.100000
0.919800               92.126000                 5214.400000
0.925900               92.812000                 5242.600000
0.931900               92.964000                 5302.800000
0.938000               93.878000                 5333.400000
0.944000               94.564000                 5352.600000
0.950100               95.021000                 5408.900000
0.956100               96.088000                 5456.300000
0.962200               96.393000                 5467.600000
0.968300               96.774000                 5515.000000
0.974300               97.536000                 5570.400000
0.980400               98.374000                 5588.900000
0.986400               98.831000                 5617.800000
0.992500               99.517000                 5679.700000
0.998500               99.974000                 5704.600000
1.004600               100.660000                 5723.900000
1.010600               102.030000                 5785.000000
1.016700               101.880000                 5822.700000
1.022700               102.260000                 5837.200000
1.028800               103.100000                 5885.400000
1.034800               103.480000                 5937.600000
1.040900               104.470000                 5953.700000
1.046900               104.780000                 5986.700000
1.053000               104.850000                 6045.300000
1.059000               106.450000                 6069.400000
1.065100               106.980000                 6091.100000
1.071100               107.520000                 6149.000000
1.077200               108.050000                 6186.000000
1.083200               107.670000                 6198.800000
1.089300               109.650000                 6251.100000
1.095300               109.580000                 6299.300000
1.101400               110.340000                 6312.900000
1.107400               110.950000                 6349.900000
1.113500               111.480000                 6406.900000
1.119500               111.780000                 6428.600000
1.125600               112.700000                 6451.100000
1.131600               113.080000                 6509.000000
1.137700               113.920000                 6541.900000
1.143700               114.450000                 6558.000000
1.149800               115.590000                 6610.200000
1.155900               115.670000                 6655.200000
1.161900               116.810000                 6669.700000
1.168000               116.810000                 6708.300000
1.174000               117.420000                 6763.700000
1.180100               117.960000                 6781.400000
1.186100               118.720000                 6807.100000
1.192200               118.870000                 6866.600000
1.198200               120.020000                 6893.900000
1.204300               120.020000                 6910.800000
1.210300               121.010000                 6964.600000
1.216400               121.770000                 7008.800000
1.222400               122.530000                 7018.500000
1.228500               122.760000                 7062.700000
1.234500               124.210000                 7116.500000
1.240600               123.830000                 7131.000000
1.246600               124.890000                 7157.500000
1.252700               125.500000                 7216.900000
1.258700               125.350000                 7240.300000
1.264800               126.340000                 7258.700000
1.270800               126.950000                 7315.000000
1.276900               128.170000                 7354.400000
1.282900               128.630000                 7366.400000
1.289000               129.390000                 7413.000000
1.295000               129.920000                 7462.000000
1.301100               129.770000                 7475.700000
1.307100               130.840000                 7509.500000
1.313200               132.060000                 7566.500000
1.319200               131.600000                 7585.000000
1.325300               132.360000                 7605.100000
1.331300               133.040000                 7662.100000
1.337400               134.040000                 7696.700000
1.343500               134.040000                 7707.100000
1.349500               135.100000                 7757.800000
1.355600               136.250000                 7806.800000
1.361600               136.550000                 7815.600000
1.367700               136.850000                 7852.600000
1.373700               136.930000                 7905.600000
1.379800               138.150000                 7924.100000
1.385800               138.760000                 7946.600000
1.391900               139.600000                 8004.500000
1.397900               140.130000                 8033.400000
1.404000               139.830000                 8044.600000
1.410000               141.660000                 8096.900000
1.416100               141.660000                 8138.700000
1.422100               141.880000                 8148.300000
1.428200               143.030000                 8190.100000
1.434200               143.710000                 8240.700000
1.440300               143.410000                 8253.600000
1.446300               144.700000                 8279.300000
1.452400               145.690000                 8337.100000
1.458400               146.150000                 8362.900000
1.464500               146.690000                 8378.100000
1.470500               147.140000                 8427.900000
1.476600               147.750000                 8470.500000
1.482600               148.590000                 8477.000000
1.488700               148.820000                 8518.000000
1.494700               149.500000                 8566.200000
1.500800               149.730000                 8536.400000
1.506800               148.670000                 8476.200000
1.512900               148.740000                 8442.400000
1.518900               147.290000                 8374.100000
1.525000               147.370000                 8303.400000
1.531000               146.610000                 8264.800000
1.537100               145.850000                 8215.000000
1.543200               144.930000                 8135.400000
1.549200               144.860000                 8092.100000
1.555300               144.320000                 8052.700000
1.561300               143.330000                 7976.300000
1.567400               143.030000                 7916.900000
1.573400               142.040000                 7883.900000
1.579500               141.880000                 7816.400000
1.585500               140.970000                 7744.900000
1.591600               140.660000                 7711.100000
1.597600               139.980000                 7658.900000
1.603700               139.290000                 7582.600000
1.609700               138.680000                 7538.400000
1.615800               137.850000                 7497.400000
1.621800               137.540000                 7421.100000
1.627900               137.240000                 7364.800000
1.633900               135.710000                 7328.600000
1.640000               135.480000                 7261.900000
1.646000               135.030000                 7194.400000
1.652100               134.190000                 7160.700000
1.658100               134.190000                 7106.100000
1.664200               133.200000                 7031.300000
1.670200               132.130000                 6992.000000
1.676300               131.600000                 6947.800000
1.682300               131.370000                 6872.200000
1.688400               130.910000                 6823.200000
1.694400               130.450000                 6789.500000
1.700500               130.150000                 6720.300000
1.706500               128.850000                 6654.400000
1.712600               128.320000                 6623.100000
1.718600               127.100000                 6562.800000
1.724700               127.100000                 6492.900000
1.730800               126.950000                 6460.000000
1.736800               126.420000                 6417.400000
1.742900               125.040000                 6339.400000
1.748900               124.510000                 6296.100000
1.755000               124.280000                 6261.500000
1.761000               123.980000                 6190.000000
1.767100               122.990000                 6128.100000
1.773100               123.140000                 6102.400000
1.779200               121.920000                 6038.100000
1.785200               121.160000                 5971.400000
1.791300               120.400000                 5937.600000
1.797300               119.940000                 5891.800000
1.803400               119.100000                 5818.700000
1.809400               118.640000                 5779.300000
1.815500               118.490000                 5744.000000
1.821500               117.960000                 5672.500000
1.827600               116.740000                 5617.000000
1.833600               116.280000                 5588.900000
1.839700               115.670000                 5526.200000
1.845700               115.140000                 5460.300000
1.851800               114.760000                 5429.800000
1.857800               114.220000                 5383.200000
1.863900               112.320000                 5310.900000
1.869900               112.470000                 5274.700000
1.876000               112.390000                 5240.900000
1.882000               111.780000                 5169.400000
1.888100               110.800000                 5119.600000
1.894100               110.340000                 5089.900000
1.900200               109.500000                 5026.400000
1.906200               109.190000                 4965.300000
1.912300               108.810000                 4938.800000
1.918400               107.590000                 4887.400000
1.924400               106.830000                 4819.100000
1.930500               106.830000                 4787.700000
1.936500               106.380000                 4748.400000
1.942600               105.230000                 4679.200000
1.948600               105.000000                 4636.700000
1.954700               104.320000                 4605.300000
1.960700               103.330000                 4540.200000
1.966800               103.250000                 4485.600000
1.972800               102.340000                 4459.100000
1.978900               100.740000                 4402.800000
1.984900               101.190000                 4340.900000
1.991000               100.810000                 4312.800000
1.997000               100.200000                 4272.600000
2.003100               99.593000                 4203.500000
2.009100               99.136000                 4165.800000
2.015200               98.755000                 4137.600000
2.021200               97.841000                 4070.900000
2.027300               97.307000                 4017.900000
2.033300               95.936000                 3992.200000
2.039400               95.326000                 3936.700000
2.045400               95.250000                 3876.500000
2.051500               94.793000                 3849.100000
2.057500               93.269000                 3805.800000
2.063600               93.726000                 3742.300000
2.069600               93.193000                 3706.900000
2.075700               92.050000                 3674.800000
2.081700               91.211000                 3610.500000
2.087800               90.830000                 3563.900000
2.093800               90.526000                 3539.800000
2.099900               89.383000                 3481.900000
2.105900               89.002000                 3424.900000
2.112000               88.316000                 3399.100000
2.118100               87.859000                 3355.800000
2.124100               87.173000                 3293.100000
2.130200               86.792000                 3261.700000
2.136200               86.182000                 3228.800000
2.142300               85.344000                 3164.500000
2.148300               85.039000                 3123.500000
2.154400               84.125000                 3097.800000
2.160400               83.972000                 3041.500000
2.166500               83.058000                 2986.100000
2.172500               82.372000                 2965.200000
2.178600               82.296000                 2917.000000
2.184600               81.153000                 2856.700000
2.190700               80.467000                 2830.200000
2.196700               79.934000                 2795.700000
2.202800               79.629000                 2731.400000
2.208800               78.867000                 2696.800000
2.214900               78.105000                 2669.500000
2.220900               78.105000                 2612.400000
2.227000               76.962000                 2560.200000
2.233000               75.819000                 2538.500000
2.239100               75.057000                 2488.700000
2.245100               74.676000                 2431.600000
2.251200               74.600000                 2408.300000
2.257200               73.762000                 2373.000000
2.263300               73.076000                 2309.500000
2.269300               72.161000                 2278.200000
2.275400               72.238000                 2251.600000
2.281400               71.247000                 2192.200000
2.287500               70.637000                 2145.600000
2.293500               70.790000                 2127.100000
2.299600               70.409000                 2077.200000
2.305700               69.190000                 2021.000000
2.311700               68.428000                 1999.300000
2.317800               67.437000                 1960.700000
2.323800               66.904000                 1902.100000
2.329900               66.751000                 1872.300000
2.335900               65.608000                 1845.000000
2.342000               65.303000                 1786.400000
2.348000               64.465000                 1747.000000
2.354100               64.160000                 1725.300000
2.360100               64.160000                 1674.700000
2.366200               63.094000                 1624.800000
2.372200               62.560000                 1603.900000
2.378300               61.493000                 1563.000000
2.384300               61.341000                 1507.500000
2.390400               60.198000                 1482.600000
2.396400               60.579000                 1455.300000
2.402500               58.903000                 1395.000000
2.408500               58.674000                 1361.300000
2.414600               58.141000                 1339.600000
2.420600               56.998000                 1284.900000
2.426700               57.302000                 1239.100000
2.432700               56.464000                 1222.300000
2.438800               56.083000                 1178.100000
2.444800               55.093000                 1122.600000
2.450900               54.331000                 1100.900000
2.456900               53.797000                 1070.400000
2.463000               53.492000                 1013.300000
2.469000               52.654000                 982.780000
2.475100               52.654000                 962.690000
2.481100               52.349000                 908.850000
2.487200               50.978000                 863.040000
2.493300               50.444000                 846.970000
2.499300               49.454000                 801.170000
2.505400               48.920000                 750.540000
2.511400               48.616000                 732.060000
2.517500               48.311000                 698.310000
2.523500               47.092000                 641.260000
2.529600               46.558000                 615.540000
2.535600               46.177000                 593.040000
2.541700               45.568000                 539.200000
2.547700               44.729000                 499.020000
2.553800               43.358000                 481.340000
2.559800               43.815000                 435.540000
2.565900               43.053000                 386.520000
2.571900               42.748000                 369.650000
2.578000               42.062000                 335.090000
2.584000               41.148000                 280.450000
2.590100               40.615000                 259.560000
2.596100               40.157000                 231.430000
2.602200               39.167000                 177.590000
2.608200               39.014000                 147.060000
2.614300               38.557000                 129.380000
2.620300               37.795000                 79.550000
2.626400               36.957000                 33.750000
2.632400               36.881000                 19.290000
2.638500               35.890000                 -21.700000
2.644500               34.976000                 -69.910000
2.650600               34.747000                 -89.200000
2.656600               34.138000                 -117.320000
2.662700               33.985000                 -169.560000
2.668700               32.461000                 -198.480000
2.674800               32.461000                 -216.970000
2.680800               32.080000                 -267.590000
2.686900               31.242000                 -309.380000
2.693000               30.328000                 -324.650000
2.699000               29.947000                 -364.830000
2.705100               29.413000                 -413.840000
2.711100               27.965000                 -433.130000
2.717200               27.813000                 -459.650000
2.723200               27.280000                 -513.490000
2.729300               26.899000                 -538.400000
2.735300               26.518000                 -557.680000
2.741400               26.365000                 -605.900000
2.747400               24.613000                 -649.290000
2.753500               24.765000                 -659.740000
2.759500               23.241000                 -706.350000
2.765600               23.012000                 -752.150000
2.771600               22.403000                 -769.830000
2.777700               21.717000                 -800.370000
2.783700               21.869000                 -849.380000
2.789800               21.107000                 -872.690000
2.795800               20.650000                 -891.170000
2.801900               19.736000                 -945.010000
2.807900               19.202000                 -978.760000
2.814000               17.983000                 -997.240000
2.820000               18.212000                 -1039.000000
2.826100               16.993000                 -1084.800000
2.832100               16.231000                 -1099.300000
2.838200               16.231000                 -1132.200000
2.844200               15.773000                 -1182.100000
2.850300               14.554000                 -1203.800000
2.856300               14.707000                 -1224.700000
2.862400               13.259000                 -1277.700000
2.868400               13.183000                 -1308.200000
2.874500               12.421000                 -1323.500000
2.880600               12.116000                 -1369.300000
2.886600               11.278000                 -1411.900000
2.892700               10.363000                 -1424.700000
2.898700               9.372600                 -1464.900000
2.904800               9.753600                 -1509.100000
2.910800               8.686800                 -1528.400000
2.916900               8.077200                 -1554.900000
2.922900               7.772400                 -1606.400000
2.929000               6.781800                 -1633.700000
2.935000               6.172200                 -1650.500000
2.941100               5.029200                 -1702.000000
2.947100               5.257800                 -1738.100000
2.953200               4.267200                 -1751.000000
2.959200               2.895600                 -1794.400000
2.965300               2.667000                 -1840.200000
2.971300               2.286000                 -1856.300000
2.977400               1.752600                 -1880.400000
2.983400               1.143000                 -1931.000000
2.989500               0.457200                 -1954.300000
2.995500               0.228600                 -1972.800000
3.001600               -0.381000                 -2022.600000
3.007600               -1.295400                 -2058.000000
3.013700               -1.295400                 -2070.000000
3.019700               -1.828800                 -2113.400000
3.025800               -2.667000                 -2160.000000
3.031800               -3.429000                 -2176.100000
3.037900               -4.114800                 -2205.800000
3.043900               -4.495800                 -2255.700000
3.050000               -5.181600                 -2276.500000
3.056000               -6.172200                 -2299.900000
3.062100               -6.553200                 -2348.900000
3.068200               -6.858000                 -2381.000000
3.074200               -7.620000                 -2397.100000
3.080300               -7.848600                 -2439.700000
3.086300               -9.067800                 -2486.300000
3.092400               -9.372600                 -2499.900000
3.098400               -9.753600                 -2533.700000
3.104500               -10.744000                 -2582.700000
3.110500               -11.125000                 -2603.600000
3.116600               -11.811000                 -2625.300000
3.122600               -12.192000                 -2676.700000
3.128700               -12.802000                 -2708.100000
3.134700               -13.640000                 -2724.100000
3.140800               -14.478000                 -2771.500000
3.146800               -14.859000                 -2812.500000
3.152900               -15.545000                 -2827.800000
3.158900               -16.154000                 -2864.000000
3.165000               -17.221000                 -2913.800000
3.171000               -17.145000                 -2931.500000
3.177100               -17.678000                 -2955.600000
3.183100               -18.440000                 -3007.800000
3.189200               -19.050000                 -3038.300000
3.195200               -20.269000                 -3056.800000
3.201300               -20.422000                 -3103.400000
3.207300               -20.955000                 -3144.400000
3.213400               -21.869000                 -3160.500000
3.219400               -22.022000                 -3197.400000
3.225500               -22.479000                 -3245.700000
3.231500               -22.936000                 -3265.800000
3.237600               -24.155000                 -3292.300000
3.243600               -24.841000                 -3346.100000
3.249700               -24.994000                 -3371.000000
3.255700               -25.756000                 -3391.100000
3.261800               -26.441000                 -3440.900000
3.267900               -26.822000                 -3481.100000
3.273900               -28.118000                 -3498.000000
3.280000               -27.965000                 -3536.600000
3.286000               -29.185000                 -3586.400000
3.292100               -29.566000                 -3605.700000
3.298100               -29.870000                 -3633.000000
3.304200               -30.709000                 -3686.000000
3.310200               -31.318000                 -3713.300000
3.316300               -32.004000                 -3733.400000
3.322300               -32.690000                 -3784.100000
3.328400               -32.842000                 -3823.400000
3.334400               -33.376000                 -3837.900000
3.340500               -34.214000                 -3882.100000
3.346500               -34.519000                 -3931.100000
3.352600               -35.433000                 -3949.600000
3.358600               -36.271000                 -3979.300000
3.364700               -36.500000                 -4034.000000
3.370700               -37.643000                 -4059.700000
3.376800               -37.948000                 -4082.200000
3.382800               -38.938000                 -4134.400000
3.388900               -38.710000                 -4172.200000
3.394900               -39.243000                 -4187.500000
3.401000               -39.700000                 -4234.900000
3.407000               -40.767000                 -4283.100000
3.413100               -41.758000                 -4303.200000
3.419100               -42.215000                 -4335.300000
3.425200               -42.520000                 -4390.000000
3.431200               -43.358000                 -4413.300000
3.437300               -43.663000                 -4438.200000
3.443300               -44.272000                 -4492.800000
3.449400               -44.958000                 -4528.200000
3.455500               -45.720000                 -4548.300000
3.461500               -46.711000                 -4597.300000
3.467600               -46.634000                 -4643.100000
3.473600               -47.625000                 -4661.600000
3.479700               -47.777000                 -4697.700000
3.485700               -48.768000                 -4752.400000
3.491800               -49.225000                 -4775.700000
3.497800               -49.606000                 -4801.400000
3.503900               -50.216000                 -4857.600000
3.509900               -50.749000                 -4893.000000
3.516000               -51.968000                 -4914.700000
3.522000               -51.359000                 -4962.100000
3.528100               -52.807000                 -5010.300000
3.534100               -53.721000                 -5029.600000
3.540200               -54.483000                 -5070.600000
3.546200               -54.178000                 -5122.800000
3.552300               -55.093000                 -5145.300000
3.558300               -55.778000                 -5175.100000
3.564400               -56.464000                 -5232.900000
3.570400               -56.998000                 -5264.200000
3.576500               -57.683000                 -5287.600000
3.582500               -57.760000                 -5339.000000
3.588600               -58.750000                 -5387.200000
3.594600               -59.969000                 -5405.700000
3.600700               -60.655000                 -5450.700000
3.606700               -61.341000                 -5503.700000
3.612800               -60.731000                 -5522.200000
3.618800               -61.874000                 -5555.200000
3.624900               -62.027000                 -5613.800000
3.630900               -63.094000                 -5646.000000
3.637000               -63.856000                 -5670.100000
3.643100               -63.627000                 -5723.900000
3.649100               -64.770000                 -5771.300000
3.655200               -65.608000                 -5790.600000
3.661200               -65.837000                 -5836.400000
3.667300               -66.675000                 -5891.000000
3.673300               -67.513000                 -5913.500000
3.679400               -68.199000                 -5948.100000
3.685400               -68.428000                 -6006.000000
3.691500               -68.809000                 -6034.900000
3.697500               -69.418000                 -6062.200000
3.703600               -69.723000                 -6117.700000
3.709600               -70.942000                 -6162.700000
3.715700               -71.704000                 -6183.600000
3.721700               -72.466000                 -6234.200000
3.727800               -72.542000                 -6285.600000
3.733800               -73.838000                 -6309.700000
3.739900               -73.076000                 -6344.300000
3.745900               -74.447000                 -6406.100000
3.752000               -75.743000                 -6435.100000
3.758000               -75.286000                 -6461.600000
3.764100               -76.581000                 -6522.700000
3.770100               -76.962000                 -6562.000000
3.776200               -77.953000                 -6586.900000
3.782200               -78.334000                 -6638.400000
3.788300               -78.867000                 -6693.000000
3.794300               -79.248000                 -6712.300000
3.800400               -79.934000                 -6754.100000
3.806400               -80.315000                 -6814.400000
3.812500               -81.458000                 -6841.700000
3.818500               -81.915000                 -6873.800000
3.824600               -82.448000                 -6935.700000
3.830600               -82.753000                 -6974.300000
3.836700               -83.896000                 -6998.400000
3.842800               -84.201000                 -7055.400000
3.848800               -84.811000                 -7108.500000
3.854900               -85.954000                 -7131.000000
3.860900               -86.335000                 -7176.800000
3.867000               -86.335000                 -7235.400000
3.873000               -87.097000                 -7263.600000
3.879100               -87.859000                 -7298.100000
3.885100               -89.230000                 -7364.800000
3.891200               -88.697000                 -7398.600000
3.897200               -89.611000                 -7425.900000
3.903300               -90.678000                 -7487.000000
3.909300               -90.830000                 -7536.800000
3.915400               -91.592000                 -7560.900000
3.921400               -92.507000                 -7613.100000
3.927500               -92.583000                 -7671.800000
3.933500               -93.497000                 -7699.900000
3.939600               -93.726000                 -7735.300000
3.945600               -94.488000                 -7803.600000
3.951700               -95.250000                 -7838.100000
3.957700               -95.860000                 -7867.800000
3.963800               -95.860000                 -7928.900000
3.969800               -97.003000                 -7982.800000
3.975900               -97.917000                 -8004.500000
3.981900               -98.222000                 -8059.900000
3.988000               -98.831000                 -8120.200000
3.994000               -99.974000                 -8149.100000
4.000100               -100.200000                 -8186.100000
4.006100               -100.580000                 -8255.200000
4.012200               -101.120000                 -8292.100000
4.018200               -101.960000                 -8321.100000
4.024300               -102.560000                 -8386.200000
4.030400               -103.020000                 -8437.600000
4.036400               -103.020000                 -8461.700000
4.042500               -103.710000                 -8518.800000
4.048500               -105.000000                 -8581.400000
4.054600               -105.390000                 -8608.000000
4.060600               -105.920000                 -8652.200000
4.066700               -106.760000                 -8721.200000
4.072700               -106.980000                 -8755.000000
4.078800               -107.970000                 -8790.400000
4.084800               -107.750000                 -8855.400000
4.090900               -109.120000                 -8907.700000
4.096900               -109.800000                 -8934.200000
4.103000               -110.490000                 -8992.100000
4.109000               -110.800000                 -9055.500000
4.115100               -111.330000                 -9081.300000
4.121100               -111.630000                 -9130.300000
4.127200               -112.390000                 -9197.000000
4.133200               -112.780000                 -9230.700000
4.139300               -114.070000                 -9269.300000
4.145300               -114.530000                 -9338.400000
4.151400               -115.060000                 -9384.200000
4.157400               -115.750000                 -9414.700000
4.163500               -116.200000                 -9478.200000
4.169500               -116.970000                 -9537.700000
4.175600               -117.270000                 -9563.400000
4.181600               -118.030000                 -9618.100000
4.187700               -119.020000                 -9686.300000
4.193700               -119.250000                 -9718.500000
4.199800               -119.410000                 -9757.100000
4.205800               -119.710000                 -9828.600000
4.211900               -121.010000                 -9873.600000
4.218000               -121.610000                 -9905.700000
4.224000               -122.220000                 -9973.200000
4.230100               -122.760000                 -10033.000000
4.236100               -123.900000                 -10062.000000
4.242200               -123.830000                 -10119.000000
4.248200               -124.510000                 -10189.000000
4.254300               -125.040000                 -10222.000000
4.260300               -126.110000                 -10265.000000
4.266400               -126.570000                 -10340.000000
4.272400               -127.030000                 -10381.000000
4.278500               -127.710000                 -10416.000000
4.284500               -128.090000                 -10488.000000
4.290600               -129.080000                 -10547.000000
4.296600               -128.930000                 -10572.000000
4.302700               -130.380000                 -10638.000000
4.308700               -130.610000                 -10706.000000
4.314800               -131.750000                 -10743.000000
4.320800               -131.750000                 -10788.000000
4.326900               -132.820000                 -10867.000000
4.332900               -132.590000                 -10907.000000
4.339000               -133.580000                 -10948.000000
4.345000               -134.570000                 -11024.000000
4.351100               -134.950000                 -11080.000000
4.357100               -136.020000                 -11115.000000
4.363200               -136.170000                 -11180.000000
4.369200               -136.700000                 -11251.000000
4.375300               -136.930000                 -11282.000000
4.381300               -138.300000                 -11340.000000
4.387400               -138.760000                 -11416.000000
4.393400               -138.760000                 -11457.000000
4.399500               -139.900000                 -11501.000000
4.405500               -140.210000                 -11579.000000
4.411600               -141.050000                 -11636.000000
4.417700               -141.500000                 -11670.000000
4.423700               -141.730000                 -11741.000000
4.429800               -142.650000                 -11813.000000
4.435800               -144.170000                 -11849.000000
4.441900               -143.710000                 -11908.000000
4.447900               -144.470000                 -11986.000000
4.454000               -144.630000                 -12024.000000
4.460000               -146.070000                 -12075.000000
4.466100               -146.070000                 -12155.000000
4.472100               -147.290000                 -12210.000000
4.478200               -148.280000                 -12248.000000
4.484200               -148.440000                 -12325.000000
4.490300               -148.740000                 -12393.000000
4.496300               -149.810000                 -12429.000000
4.502400               -149.880000                 -12484.000000
4.508400               -149.350000                 -12481.000000
4.514500               -148.820000                 -12428.000000
4.520500               -148.210000                 -12386.000000
4.526600               -147.680000                 -12377.000000
4.532600               -147.140000                 -12332.000000
4.538700               -146.230000                 -12280.000000
4.544700               -145.690000                 -12264.000000
4.550800               -145.240000                 -12238.000000
4.556800               -144.550000                 -12178.000000
4.562900               -144.170000                 -12152.000000
4.568900               -144.250000                 -12136.000000
4.575000               -142.800000                 -12076.000000
4.581000               -142.570000                 -12035.000000
4.587100               -141.880000                 -12022.000000
4.593100               -140.510000                 -11972.000000
4.599200               -140.510000                 -11919.000000
4.605300               -139.980000                 -11903.000000
4.611300               -138.840000                 -11867.000000
4.617400               -138.460000                 -11808.000000
4.623400               -138.150000                 -11785.000000
4.629500               -137.850000                 -11762.000000
4.635500               -137.390000                 -11702.000000
4.641600               -136.020000                 -11657.000000
4.647600               -135.560000                 -11642.000000
4.653700               -135.330000                 -11588.000000
4.659700               -134.420000                 -11535.000000
4.665800               -133.430000                 -11515.000000
4.671800               -133.040000                 -11476.000000
4.677900               -132.280000                 -11414.000000
4.683900               -132.280000                 -11388.000000
4.690000               -131.220000                 -11360.000000
4.696000               -130.680000                 -11297.000000
4.702100               -130.000000                 -11258.000000
4.708100               -128.780000                 -11238.000000
4.714200               -128.930000                 -11180.000000
4.720200               -128.700000                 -11127.000000
4.726300               -127.410000                 -11108.000000
4.732300               -127.180000                 -11061.000000
4.738400               -126.640000                 -10998.000000
4.744400               -126.030000                 -10977.000000
4.750500               -125.500000                 -10945.000000
4.756500               -125.040000                 -10879.000000
4.762600               -123.830000                 -10839.000000
4.768600               -123.520000                 -10817.000000
4.774700               -123.140000                 -10756.000000
4.780700               -121.920000                 -10700.000000
4.786800               -121.390000                 -10681.000000
4.792900               -120.850000                 -10629.000000
4.798900               -120.400000                 -10568.000000
4.805000               -120.700000                 -10548.000000
4.811000               -119.250000                 -10509.000000
4.817100               -119.180000                 -10440.000000
4.823100               -117.580000                 -10406.000000
4.829200               -117.730000                 -10380.000000
4.835200               -116.360000                 -10314.000000
4.841300               -116.050000                 -10263.000000
4.847300               -115.670000                 -10245.000000
4.853400               -115.210000                 -10189.000000
4.859400               -115.140000                 -10126.000000
4.865500               -113.610000                 -10101.000000
4.871500               -113.310000                 -10060.000000
4.877600               -112.700000                 -9990.900000
4.883600               -111.780000                 -9959.600000
4.889700               -111.330000                 -9928.200000
4.895700               -110.410000                 -9859.100000
4.901800               -110.640000                 -9813.300000
4.907800               -109.270000                 -9789.200000
4.913900               -108.510000                 -9728.100000
4.919900               -108.740000                 -9667.900000
4.926000               -107.590000                 -9644.600000
4.932000               -107.140000                 -9598.000000
4.938100               -106.530000                 -9528.100000
4.944100               -105.990000                 -9498.300000
4.950200               -105.160000                 -9465.400000
4.956200               -104.170000                 -9392.200000
4.962300               -104.470000                 -9349.700000
4.968300               -104.010000                 -9326.300000
4.974400               -102.640000                 -9259.700000
4.980400               -101.960000                 -9198.600000
4.986500               -102.180000                 -9180.100000
4.992600               -101.190000                 -9128.700000
4.998600               -100.280000                 -9058.800000
5.004700               -99.060000                 -9027.400000
5.010700               -99.212000                 -8992.900000
5.016800               -98.679000                 -8918.900000
5.022800               -97.688000                 -8875.500000
5.028900               -97.384000                 -8850.600000
5.034900               -96.926000                 -8784.700000
5.041000               -96.393000                 -8726.100000
5.047000               -95.631000                 -8704.400000
5.053100               -94.945000                 -8648.100000
5.059100               -94.640000                 -8581.400000
5.065200               -94.336000                 -8553.300000
5.071200               -93.193000                 -8514.700000
5.077300               -92.659000                 -8439.200000
5.083300               -92.278000                 -8399.800000
5.089400               -91.516000                 -8370.900000
5.095400               -90.830000                 -8302.600000
5.101500               -90.297000                 -8243.100000
5.107500               -89.992000                 -8223.000000
5.113600               -89.230000                 -8163.600000
5.119600               -89.230000                 -8096.900000
5.125700               -88.087000                 -8067.100000
5.131700               -87.249000                 -8025.300000
5.137800               -86.716000                 -7951.400000
5.143800               -86.106000                 -7913.700000
5.149900               -85.192000                 -7883.900000
5.155900               -85.115000                 -7813.200000
5.162000               -85.192000                 -7759.400000
5.168000               -83.591000                 -7732.900000
5.174100               -83.058000                 -7671.800000
5.180200               -82.829000                 -7604.300000
5.186200               -81.686000                 -7577.800000
5.192300               -81.229000                 -7532.800000
5.198300               -80.543000                 -7458.800000
5.204400               -79.553000                 -7421.900000
5.210400               -79.172000                 -7390.500000
5.216500               -78.715000                 -7317.400000
5.222500               -79.248000                 -7267.600000
5.228600               -77.572000                 -7239.400000
5.234600               -76.505000                 -7176.000000
5.240700               -76.505000                 -7111.700000
5.246700               -75.590000                 -7086.000000
5.252800               -75.057000                 -7037.000000
5.258800               -73.838000                 -6963.000000
5.264900               -74.066000                 -6930.100000
5.270900               -73.381000                 -6896.300000
5.277000               -73.152000                 -6821.600000
5.283000               -72.085000                 -6771.800000
5.289100               -71.628000                 -6745.300000
5.295100               -71.018000                 -6680.200000
5.301200               -70.485000                 -6615.900000
5.307200               -69.494000                 -6590.200000
5.313300               -69.418000                 -6537.900000
5.319300               -68.732000                 -6466.400000
5.325400               -67.589000                 -6431.000000
5.331400               -67.285000                 -6394.100000
5.337500               -66.370000                 -6317.800000
5.343500               -66.446000                 -6276.800000
5.349600               -65.456000                 -6247.000000
5.355600               -64.541000                 -6175.500000
5.361700               -63.856000                 -6114.400000
5.367800               -63.703000                 -6092.700000
5.373800               -63.246000                 -6036.500000
5.379900               -62.484000                 -5965.000000
5.385900               -62.103000                 -5934.400000
5.392000               -61.341000                 -5894.300000
5.398000               -60.655000                 -5818.700000
5.404100               -59.893000                 -5776.900000
5.410100               -59.512000                 -5747.200000
5.416200               -59.207000                 -5677.300000
5.422200               -58.293000                 -5615.400000
5.428300               -57.683000                 -5594.500000
5.434300               -57.226000                 -5534.300000
5.440400               -56.921000                 -5465.200000
5.446400               -55.855000                 -5436.200000
5.452500               -55.474000                 -5395.200000
5.458500               -54.864000                 -5318.900000
5.464600               -54.102000                 -5279.500000
5.470600               -53.492000                 -5248.200000
5.476700               -53.035000                 -5175.900000
5.482700               -52.121000                 -5118.800000
5.488800               -51.511000                 -5095.500000
5.494800               -51.054000                 -5035.200000
5.500900               -50.597000                 -4966.100000
5.506900               -49.835000                 -4939.600000
5.513000               -49.149000                 -4893.800000
5.519000               -48.920000                 -4820.700000
5.525100               -48.082000                 -4782.900000
5.531100               -47.549000                 -4748.400000
5.537200               -47.015000                 -4676.800000
5.543200               -46.177000                 -4623.800000
5.549300               -45.568000                 -4597.300000
5.555300               -45.263000                 -4533.800000
5.561400               -44.120000                 -4467.100000
5.567500               -44.196000                 -4443.000000
5.573500               -42.977000                 -4393.200000
5.579600               -42.596000                 -4320.900000
5.585600               -41.834000                 -4286.300000
5.591700               -41.453000                 -4253.400000
5.597700               -40.615000                 -4178.600000
5.603800               -39.700000                 -4127.200000
5.609800               -39.853000                 -4103.900000
5.615900               -39.091000                 -4037.200000
5.621900               -38.557000                 -3973.700000
5.628000               -37.490000                 -3949.600000
5.634000               -37.033000                 -3897.400000
5.640100               -36.424000                 -3826.600000
5.646100               -35.814000                 -3793.700000
5.652200               -35.281000                 -3758.300000
5.658200               -35.281000                 -3685.200000
5.664300               -33.985000                 -3638.600000
5.670300               -34.138000                 -3612.900000
5.676400               -32.842000                 -3542.200000
5.682400               -32.614000                 -3483.500000
5.688500               -31.852000                 -3460.200000
5.694500               -31.318000                 -3404.800000
5.700600               -30.480000                 -3336.500000
5.706600               -29.947000                 -3306.700000
5.712700               -29.337000                 -3269.000000
5.718700               -28.423000                 -3191.800000
5.724800               -28.042000                 -3150.800000
5.730800               -27.889000                 -3125.100000
5.736900               -27.203000                 -3056.000000
5.742900               -26.137000                 -2997.300000
5.749000               -25.908000                 -2975.700000
5.755100               -25.222000                 -2917.800000
5.761100               -24.841000                 -2851.900000
5.767200               -23.622000                 -2823.000000
5.773200               -23.089000                 -2784.400000
5.779300               -22.936000                 -2710.500000
5.785300               -22.174000                 -2671.900000
5.791400               -21.565000                 -2643.000000
5.797400               -20.955000                 -2573.100000
5.803500               -20.498000                 -2517.600000
5.809500               -19.660000                 -2495.900000
5.815600               -19.202000                 -2437.300000
5.821600               -18.593000                 -2372.200000
5.827700               -17.907000                 -2345.700000
5.833700               -16.840000                 -2304.700000
5.839800               -16.764000                 -2231.500000
5.845800               -15.926000                 -2197.000000
5.851900               -15.773000                 -2168.100000
5.857900               -15.316000                 -2099.700000
5.864000               -14.326000                 -2045.100000
5.870000               -13.868000                 -2024.200000
5.876100               -13.259000                 -1964.700000
5.882100               -12.421000                 -1900.500000
5.888200               -11.811000                 -1874.700000
5.894200               -11.201000                 -1833.800000
5.900300               -10.516000                 -1761.400000
5.906300               -10.211000                 -1730.100000
5.912400               -9.144000                 -1698.800000
5.918400               -8.915400                 -1630.500000
5.924500               -8.305800                 -1583.100000
5.930500               -7.467600                 -1559.700000
5.936600               -7.086600                 -1498.700000
5.942700               -6.934200                 -1437.600000
5.948700               -5.867400                 -1415.100000
5.954800               -5.105400                 -1370.100000
5.960800               -4.648200                 -1301.800000
5.966900               -4.343400                 -1271.300000
5.972900               -3.505200                 -1239.900000
5.979000               -2.514600                 -1170.800000
5.985000               -1.676400                 -1123.400000
5.991100               -1.600200                 -1101.700000
5.997100               -0.533400                 -1040.600000
6.003200               -0.838200                 -982.780000
