

Цикл № 1
Шаг  № 1
Точек  550
Циклическая потенцио. развертка , Скорость развертки 100,12 мВ/с.
Время, с.              Потенциал, мВ            Ток, мкА
0.074800               3.479800                 -4.739600
0.149600               11.049000                 -3.213800
0.224300               18.440000                 -2.356300
0.299100               25.933000                 -1.782800
0.373900               33.299000                 -1.401300
0.448700               40.818000                 -1.106400
0.523500               48.235000                 -0.857560
0.598200               55.651000                 -0.689840
0.673000               62.992000                 -0.559990
0.747800               70.637000                 -0.427430
0.822600               78.105000                 -0.319220
0.897400               85.522000                 -0.235360
0.972100               92.964000                 -0.162310
1.046900               100.530000                 -0.091980
1.121700               108.100000                 -0.024350
1.196500               115.470000                 0.016230
1.271300               123.060000                 0.075750
1.346000               130.500000                 0.105500
1.420800               138.020000                 0.151490
1.495600               145.490000                 0.175840
1.570400               152.880000                 0.202890
1.645200               160.550000                 0.235360
1.719900               168.020000                 0.270520
1.794700               175.540000                 0.294870
1.869500               182.850000                 0.300280
1.944300               190.170000                 0.321920
2.019100               197.760000                 0.348980
2.093800               205.210000                 0.362500
2.168600               212.850000                 0.394970
2.243400               220.450000                 0.427430
2.318200               227.690000                 0.440960
2.392900               235.330000                 0.468010
2.467700               242.800000                 0.508590
2.542500               250.440000                 0.541050
2.617300               257.810000                 0.546460
2.692100               265.230000                 0.557280
2.766800               272.670000                 0.551870
2.841600               280.040000                 0.559990
2.916400               287.600000                 0.557280
2.991200               295.070000                 0.551870
3.066000               302.460000                 0.549170
3.140700               309.900000                 0.554580
3.215500               317.550000                 0.565400
3.290300               325.070000                 0.568100
3.365100               332.710000                 0.570810
3.439900               340.080000                 0.573510
3.514600               347.500000                 0.565400
3.589400               354.960000                 0.559990
3.664200               362.660000                 0.557280
3.739000               369.850000                 0.551870
3.813800               377.620000                 0.570810
3.888500               384.860000                 0.557280
3.963300               392.560000                 0.565400
4.038100               400.000000                 0.565400
4.112900               407.520000                 0.568100
4.187700               414.860000                 0.546460
4.262400               422.250000                 0.551870
4.337200               429.720000                 0.554580
4.412000               437.260000                 0.562690
4.486800               444.730000                 0.557280
4.561600               452.350000                 0.570810
4.636300               459.640000                 0.562690
4.711100               467.130000                 0.565400
4.785900               474.680000                 0.565400
4.860700               482.370000                 0.589740
4.935500               489.810000                 0.600560
5.010200               497.230000                 0.589740
5.085000               504.700000                 0.587040
5.159800               512.090000                 0.592450
5.234600               519.460000                 0.597860
5.309400               527.130000                 0.597860
5.384100               534.570000                 0.597860
5.458900               541.930000                 0.608680
5.533700               549.550000                 0.627620
5.608500               556.950000                 0.616800
5.683300               564.540000                 0.627620
5.758000               572.030000                 0.635730
5.832800               579.550000                 0.646550
5.907600               586.760000                 0.657370
5.982400               594.410000                 0.668200
6.057200               601.960000                 0.681720
6.131900               609.470000                 0.708770
6.206700               616.760000                 0.706070
6.281500               624.310000                 0.719600
6.356300               631.800000                 0.749350
6.431100               639.190000                 0.768290
6.505800               646.790000                 0.781820
6.580600               654.230000                 0.808870
6.655400               661.770000                 0.844040
6.730200               669.260000                 0.879210
6.804900               676.660000                 0.895440
6.879700               684.280000                 0.936020
6.954500               691.590000                 0.968480
7.029300               699.080000                 1.000900
7.104100               706.750000                 1.046900
7.178800               714.120000                 1.090200
7.253600               721.610000                 1.133500
7.328400               729.260000                 1.182200
7.403200               736.750000                 1.228200
7.478000               744.070000                 1.282300
7.552700               751.510000                 1.333700
7.627500               759.000000                 1.379700
7.702300               766.390000                 1.423000
7.777100               773.890000                 1.482500
7.851900               781.460000                 1.533900
7.926600               788.920000                 1.596100
8.001400               796.340000                 1.634000
8.076200               803.860000                 1.715100
8.151000               811.280000                 1.780000
8.225800               818.870000                 1.831500
8.300500               826.240000                 1.909900
8.375300               833.630000                 1.996500
8.450100               841.170000                 2.083000
8.524900               848.690000                 2.161500
8.599700               856.130000                 2.269700
8.674400               863.800000                 2.383300
8.749200               871.140000                 2.486100
8.824000               878.690000                 2.588900
8.898800               886.050000                 2.678200
8.973600               893.500000                 2.767500
9.048300               900.910000                 2.837800
9.123100               908.480000                 2.900000
9.197900               916.050000                 3.016400
9.272700               923.470000                 3.140800
9.347500               930.760000                 3.292300
9.422200               938.280000                 3.530300
9.497000               945.950000                 3.838800
9.571800               953.340000                 4.214800
9.646600               960.830000                 4.601600
9.721400               968.100000                 5.042600
9.796100               975.790000                 5.491600
9.870900               983.030000                 5.832500
9.945700               990.680000                 6.130100
10.020500               998.020000                 6.346500
10.095300               1005.500000                 6.541300
10.170000               1013.000000                 6.638700
10.244800               1020.600000                 6.730600
10.319600               1028.000000                 6.787500
10.394400               1035.400000                 6.773900
10.469200               1042.800000                 6.730600
10.543900               1050.300000                 6.660300
10.618700               1057.800000                 6.606200
10.693500               1065.300000                 6.595400
10.768300               1072.700000                 6.668400
10.843100               1080.100000                 6.865900
10.917800               1087.700000                 7.298800
10.992600               1095.300000                 8.048100
11.067400               1102.600000                 9.246500
11.142200               1110.000000                 11.243000
11.217000               1117.400000                 14.230000
11.291700               1125.100000                 18.542000
11.366500               1132.300000                 24.566000
11.441300               1139.800000                 32.585000
11.516100               1147.100000                 42.288000
11.590800               1145.100000                 31.827000
11.665600               1137.700000                 15.396000
11.740400               1130.300000                 3.787300
11.815200               1122.800000                 -4.155300
11.890000               1115.300000                 -9.003100
11.964700               1107.900000                 -11.235000
12.039500               1100.300000                 -11.348000
12.114300               1092.900000                 -9.784900
12.189100               1085.500000                 -7.458400
12.263900               1078.100000                 -5.464600
12.338600               1070.700000                 -4.093000
12.413400               1063.000000                 -3.216500
12.488200               1055.600000                 -2.662000
12.563000               1048.300000                 -2.356300
12.637800               1040.800000                 -2.329200
12.712500               1033.400000                 -2.467200
12.787300               1025.900000                 -2.732300
12.862100               1018.500000                 -2.997400
12.936900               1011.100000                 -3.222000
13.011700               1003.500000                 -3.389700
13.086400               996.060000                 -3.476200
13.161200               988.470000                 -3.538500
13.236000               981.250000                 -3.573600
13.310800               973.610000                 -3.568200
13.385600               966.320000                 -3.489800
13.460300               958.950000                 -3.370700
13.535100               951.360000                 -3.176000
13.609900               943.990000                 -2.910800
13.684700               936.680000                 -2.621400
13.759500               929.130000                 -2.386000
13.834200               921.720000                 -2.156100
13.909000               914.250000                 -1.964000
13.983800               906.780000                 -1.790900
14.058600               899.290000                 -1.685400
14.133400               892.020000                 -1.574400
14.208100               884.480000                 -1.490600
14.282900               876.990000                 -1.409400
14.357700               869.640000                 -1.358000
14.432500               862.230000                 -1.312000
14.507300               854.790000                 -1.257900
14.582000               847.190000                 -1.230900
14.656800               839.600000                 -1.214700
14.731600               832.360000                 -1.187600
14.806400               824.870000                 -1.147000
14.881200               817.630000                 -1.138900
14.955900               809.980000                 -1.152400
15.030700               802.460000                 -1.125400
15.105500               795.150000                 -1.120000
15.180300               787.650000                 -1.133500
15.255100               780.240000                 -1.136200
15.329800               772.770000                 -1.147000
15.404600               765.300000                 -1.149700
15.479400               757.880000                 -1.174100
15.554200               750.320000                 -1.179500
15.629000               742.950000                 -1.198400
15.703700               735.530000                 -1.222800
15.778500               728.040000                 -1.244400
15.853300               720.600000                 -1.266100
15.928100               713.260000                 -1.295800
16.002800               705.710000                 -1.317500
16.077600               698.320000                 -1.344500
16.152400               690.700000                 -1.398600
16.227200               683.310000                 -1.428400
16.302000               675.820000                 -1.474400
16.376700               668.530000                 -1.514900
16.451500               661.010000                 -1.569000
16.526300               653.410000                 -1.634000
16.601100               646.180000                 -1.690800
16.675900               638.630000                 -1.744900
16.750600               631.270000                 -1.793600
16.825400               623.670000                 -1.880100
16.900200               616.250000                 -1.939700
16.975000               608.810000                 -1.999200
17.049800               601.270000                 -2.080300
17.124500               593.850000                 -2.158800
17.199300               586.540000                 -2.229100
17.274100               579.070000                 -2.323800
17.348900               571.700000                 -2.426600
17.423700               564.180000                 -2.545600
17.498400               556.640000                 -2.629500
17.573200               549.200000                 -2.735000
17.648000               541.910000                 -2.840500
17.722800               534.390000                 -2.927100
17.797600               526.920000                 -2.994700
17.872300               519.380000                 -3.062300
17.947100               512.010000                 -3.097500
18.021900               504.520000                 -3.124600
18.096700               497.050000                 -3.130000
18.171500               489.640000                 -3.130000
18.246200               482.170000                 -3.124600
18.321000               474.730000                 -3.089400
18.395800               467.260000                 -3.067800
18.470600               459.660000                 -3.038000
18.545400               452.370000                 -2.994700
18.620100               445.010000                 -2.970400
18.694900               437.570000                 -2.913500
18.769700               429.920000                 -2.886500
18.844500               422.710000                 -2.835100
18.919300               415.140000                 -2.818900
18.994000               407.670000                 -2.794500
19.068800               400.180000                 -2.764800
19.143600               392.790000                 -2.724200
19.218400               385.320000                 -2.670100
19.293200               377.820000                 -2.637600
19.367900               370.360000                 -2.599700
19.442700               363.020000                 -2.526700
19.517500               355.420000                 -2.505100
19.592300               348.000000                 -2.440100
19.667100               340.670000                 -2.383300
19.741800               333.150000                 -2.329200
19.816600               325.650000                 -2.299500
19.891400               318.340000                 -2.250800
19.966200               310.820000                 -2.207500
20.041000               303.350000                 -2.166900
20.115700               295.880000                 -2.161500
20.190500               288.470000                 -2.137100
20.265300               280.920000                 -2.107400
20.340100               273.480000                 -2.083000
20.414800               266.040000                 -2.085700
20.489600               258.440000                 -2.074900
20.564400               251.130000                 -2.061400
20.639200               243.690000                 -2.077600
20.714000               236.120000                 -2.093900
20.788700               228.680000                 -2.102000
20.863500               221.230000                 -2.104700
20.938300               213.940000                 -2.107400
21.013100               206.200000                 -2.123600
21.087900               198.910000                 -2.110100
21.162600               191.520000                 -2.099300
21.237400               183.920000                 -2.104700
21.312200               176.660000                 -2.102000
21.387000               169.060000                 -2.112800
21.461800               161.720000                 -2.107400
21.536500               154.180000                 -2.126300
21.611300               146.760000                 -2.120900
21.686100               139.220000                 -2.123600
21.760900               131.800000                 -2.139900
21.835700               124.540000                 -2.150700
21.910400               116.710000                 -2.164200
21.985200               109.320000                 -2.175000
22.060000               102.060000                 -2.183100
22.134800               94.539000                 -2.221000
22.209600               87.097000                 -2.226400
22.284300               79.807000                 -2.250800
22.359100               72.212000                 -2.294000
22.433900               64.795000                 -2.313000
22.508700               57.252000                 -2.342700
22.583500               49.682000                 -2.391400
22.658200               42.418000                 -2.423900
22.733000               34.900000                 -2.442800
22.807800               27.508000                 -2.480700
22.882600               19.863000                 -2.542900
22.957400               12.497000                 -2.567300
23.032100               4.902200                 -2.591600
23.106900               -2.336800                 -2.618700
23.181700               -9.829800                 -2.670100
23.256500               -17.297000                 -2.689000
23.331300               -24.790000                 -2.721500
23.406000               -32.080000                 -2.740400
23.480800               -39.573000                 -2.764800
23.555600               -47.092000                 -2.778300
23.630400               -54.534000                 -2.781000
23.705200               -61.925000                 -2.791800
23.779900               -69.367000                 -2.802600
23.854700               -76.708000                 -2.778300
23.929500               -84.303000                 -2.797200
24.004300               -91.694000                 -2.791800
24.079100               -99.162000                 -2.778300
24.153800               -106.630000                 -2.756700
24.228600               -114.020000                 -2.767500
24.303400               -121.540000                 -2.740400
24.378200               -128.780000                 -2.721500
24.453000               -136.470000                 -2.710700
24.527700               -143.920000                 -2.705200
24.602500               -151.330000                 -2.683600
24.677300               -158.650000                 -2.643000
24.752100               -166.240000                 -2.643000
24.826800               -173.580000                 -2.626800
24.901600               -180.950000                 -2.588900
24.976400               -188.540000                 -2.575400
25.051200               -195.860000                 -2.570000
25.126000               -203.450000                 -2.545600
25.200700               -210.840000                 -2.505100
25.275500               -218.060000                 -2.483400
25.350300               -225.550000                 -2.480700
25.425100               -233.100000                 -2.442800
25.499900               -240.770000                 -2.434700
25.574600               -248.160000                 -2.421200
25.649400               -255.450000                 -2.415800
25.724200               -262.940000                 -2.391400
25.799000               -270.380000                 -2.377900
25.873800               -277.670000                 -2.380600
25.948500               -285.290000                 -2.388700
26.023300               -292.760000                 -2.375200
26.098100               -299.970000                 -2.361700
26.172900               -307.670000                 -2.375200
26.247700               -314.990000                 -2.364400
26.322400               -322.450000                 -2.367100
26.397200               -329.840000                 -2.369800
26.472000               -337.340000                 -2.364400
26.546800               -344.810000                 -2.353600
26.621600               -352.320000                 -2.356300
26.696300               -359.710000                 -2.361700
26.771100               -367.160000                 -2.353600
26.845900               -374.680000                 -2.359000
26.920700               -382.020000                 -2.367100
26.995500               -389.480000                 -2.383300
27.070200               -397.000000                 -2.386000
27.145000               -404.570000                 -2.399600
27.219800               -411.890000                 -2.440100
27.294600               -419.330000                 -2.467200
27.369400               -426.820000                 -2.496900
27.444100               -434.140000                 -2.521300
27.518900               -441.710000                 -2.594300
27.593700               -449.050000                 -2.610600
27.668500               -456.670000                 -2.672800
27.743300               -464.080000                 -2.732300
27.818000               -471.500000                 -2.808100
27.892800               -478.990000                 -2.867600
27.967600               -486.310000                 -2.962300
28.042400               -493.930000                 -3.097500
28.117200               -501.350000                 -3.197600
28.191900               -508.860000                 -3.292300
28.266700               -516.180000                 -3.389700
28.341500               -523.570000                 -3.465400
28.416300               -531.140000                 -3.524900
28.491100               -538.480000                 -3.576300
28.565800               -545.920000                 -3.657500
28.640600               -553.520000                 -3.749500
28.715400               -561.260000                 -3.830600
28.790200               -568.450000                 -3.895600
28.865000               -575.950000                 -4.003800
28.939700               -583.180000                 -4.082200
29.014500               -590.800000                 -4.174200
29.089300               -598.070000                 -4.260800
29.164100               -605.610000                 -4.360900
29.238800               -613.080000                 -4.436600
29.313600               -620.750000                 -4.501500
29.388400               -628.120000                 -4.563700
29.463200               -635.630000                 -4.580000
29.538000               -643.030000                 -4.577300
29.612700               -650.390000                 -4.566500
29.687500               -657.760000                 -4.563700
29.762300               -665.330000                 -4.515100
29.837100               -672.720000                 -4.428500
29.911900               -680.190000                 -4.417700
29.986600               -687.450000                 -4.406900
30.061400               -695.020000                 -4.390600
30.136200               -702.540000                 -4.406900
30.211000               -709.900000                 -4.442000
30.285800               -717.470000                 -4.479900
30.360500               -724.790000                 -4.485300
30.435300               -732.280000                 -4.490700
30.510100               -739.830000                 -4.512300
30.584900               -747.170000                 -4.498800
30.659700               -754.610000                 -4.479900
30.734400               -762.150000                 -4.493400
30.809200               -769.800000                 -4.542100
30.884000               -777.040000                 -4.555600
30.958800               -784.530000                 -4.647600
31.033600               -791.970000                 -4.777500
31.108300               -799.440000                 -4.937100
31.183100               -806.960000                 -5.145400
31.257900               -814.380000                 -5.432100
31.332700               -821.660000                 -5.816300
31.407500               -829.180000                 -6.278900
31.482200               -836.680000                 -6.863200
31.557000               -843.970000                 -7.620700
31.631800               -851.560000                 -8.540500
31.706600               -859.100000                 -9.617200
31.781400               -866.600000                 -10.899000
31.856100               -874.120000                 -12.366000
31.930900               -881.610000                 -13.935000
32.005700               -888.950000                 -15.626000
32.080500               -896.290000                 -17.495000
32.155300               -896.600000                 -14.243000
32.230000               -889.180000                 -8.012900
32.304800               -881.710000                 -3.665600
32.379600               -874.390000                 -0.592450
32.454400               -866.800000                 1.579900
32.529200               -859.360000                 3.019100
32.603900               -851.890000                 3.871200
32.678700               -844.270000                 4.239100
32.753500               -836.730000                 4.274300
32.828300               -829.360000                 4.122800
32.903100               -821.940000                 3.879300
32.977800               -814.480000                 3.600700
33.052600               -806.860000                 3.376100
33.127400               -799.520000                 3.173200
33.202200               -792.170000                 2.989300
33.277000               -784.710000                 2.835100
33.351700               -777.090000                 2.740400
33.426500               -769.620000                 2.645700
33.501300               -762.280000                 2.551100
33.576100               -754.610000                 2.507800
33.650900               -747.190000                 2.459100
33.725600               -739.550000                 2.440100
33.800400               -732.330000                 2.421200
33.875200               -724.810000                 2.418500
33.950000               -717.350000                 2.421200
34.024700               -709.800000                 2.451000
34.099500               -702.280000                 2.461800
34.174300               -694.770000                 2.467200
34.249100               -687.430000                 2.475300
34.323900               -679.910000                 2.486100
34.398600               -672.520000                 2.496900
34.473400               -664.920000                 2.496900
34.548200               -657.400000                 2.513200
34.623000               -650.040000                 2.542900
34.697800               -642.540000                 2.553700
34.772500               -635.380000                 2.540200
34.847300               -627.890000                 2.580800
34.922100               -620.120000                 2.629500
34.996900               -612.770000                 2.621400
35.071700               -605.100000                 2.640300
35.146400               -597.760000                 2.667400
35.221200               -590.300000                 2.648400
35.296000               -582.800000                 2.616000
35.370800               -575.260000                 2.561900
35.445600               -567.460000                 2.521300
35.520300               -560.150000                 2.456400
35.595100               -552.960000                 2.364400
35.669900               -545.210000                 2.307600
35.744700               -537.790000                 2.256200
35.819500               -530.450000                 2.196700
35.894200               -522.990000                 2.156100
35.969000               -515.290000                 2.137100
36.043800               -508.130000                 2.137100
36.118600               -500.560000                 2.145300
36.193400               -493.040000                 2.153400
36.268100               -485.440000                 2.169600
36.342900               -478.030000                 2.196700
36.417700               -470.510000                 2.210200
36.492500               -462.990000                 2.196700
36.567300               -455.620000                 2.183100
36.642000               -448.260000                 2.148000
36.716800               -440.690000                 2.088400
36.791600               -433.250000                 2.001900
36.866400               -425.630000                 1.942400
36.941200               -418.080000                 1.863900
37.015900               -410.870000                 1.788200
37.090700               -403.250000                 1.731400
37.165500               -395.940000                 1.685400
37.240300               -388.260000                 1.644800
37.315100               -380.720000                 1.601500
37.389800               -373.330000                 1.566300
37.464600               -365.840000                 1.558200
37.539400               -358.500000                 1.525800
37.614200               -350.930000                 1.509500
37.689000               -343.480000                 1.509500
37.763700               -336.070000                 1.523100
37.838500               -328.500000                 1.525800
37.913300               -321.210000                 1.520400
37.988100               -313.640000                 1.525800
38.062900               -306.150000                 1.550100
38.137600               -298.810000                 1.550100
38.212400               -291.030000                 1.555500
38.287200               -283.620000                 1.544700
38.362000               -276.150000                 1.536600
38.436700               -268.610000                 1.517600
38.511500               -261.240000                 1.487900
38.586300               -253.950000                 1.460800
38.661100               -246.280000                 1.436500
38.735900               -238.910000                 1.395900
38.810600               -231.220000                 1.371600
38.885400               -223.700000                 1.374300
38.960200               -216.530000                 1.336400
39.035000               -208.710000                 1.320200
39.109800               -201.570000                 1.287700
39.184500               -194.080000                 1.279600
39.259300               -186.440000                 1.263300
39.334100               -179.020000                 1.228200
39.408900               -171.700000                 1.193000
39.483700               -164.210000                 1.174100
39.558400               -156.620000                 1.149700
39.633200               -149.170000                 1.103700
39.708000               -141.710000                 1.079400
39.782800               -134.140000                 1.063200
39.857600               -126.720000                 1.038800
39.932300               -119.300000                 1.000900
40.007100               -111.910000                 0.979300
40.081900               -104.140000                 0.968480
40.156700               -96.876000                 0.941430
40.231500               -89.484000                 0.906260
40.306200               -82.118000                 0.892730
40.381000               -74.549000                 0.892730
40.455800               -67.031000                 0.871090
40.530600               -59.766000                 0.844040
40.605400               -52.019000                 0.860270
40.680100               -44.704000                 0.849450
40.754900               -37.109000                 0.838630
40.829700               -29.616000                 0.825100
40.904500               -22.250000                 0.841330
40.979300               -14.859000                 0.844040
41.054000               -7.416800                 0.833220
41.128800               0.228600                 0.841330


Цикл № 2
Шаг  № 1
Точек  550
Циклическая потенцио. развертка, Скорость развертки 100,12 мВ/с.
Время, с.              Потенциал, мВ            Ток, мкА
0.074800               7.797800                 0.860270
0.149600               15.316000                 0.871090
0.224300               22.581000                 0.865680
0.299100               30.328000                 0.879210
0.373900               37.694000                 0.892730
0.448700               45.187000                 0.892730
0.523500               52.680000                 0.887320
0.598200               60.020000                 0.892730
0.673000               67.513000                 0.906260
0.747800               75.082000                 0.911670
0.822600               82.499000                 0.908960
0.897400               90.221000                 0.927900
0.972100               97.536000                 0.930600
1.046900               105.030000                 0.941430
1.121700               112.620000                 0.936020
1.196500               120.070000                 0.944130
1.271300               127.510000                 0.954950
1.346000               135.150000                 0.957660
1.420800               142.390000                 0.946840
1.495600               149.840000                 0.957660
1.570400               157.480000                 0.973890
1.645200               165.200000                 0.979300
1.719900               172.390000                 0.971180
1.794700               180.030000                 0.987420
1.869500               187.530000                 0.998240
1.944300               194.770000                 0.979300
2.019100               202.460000                 0.990120
2.093800               209.850000                 1.006400
2.168600               217.320000                 1.022600
2.243400               224.810000                 1.019900
2.318200               232.210000                 1.036100
2.392900               239.900000                 1.065900
2.467700               247.420000                 1.092900
2.542500               254.890000                 1.109200
2.617300               262.330000                 1.128100
2.692100               269.720000                 1.144300
2.766800               277.170000                 1.152400
2.841600               284.680000                 1.138900
2.916400               292.280000                 1.133500
2.991200               299.540000                 1.128100
3.066000               307.010000                 1.133500
3.140700               314.630000                 1.136200
3.215500               322.050000                 1.117300
3.290300               329.560000                 1.128100
3.365100               337.110000                 1.138900
3.439900               344.550000                 1.130800
3.514600               351.940000                 1.130800
3.589400               359.560000                 1.144300
3.664200               366.900000                 1.144300
3.739000               374.750000                 1.160500
3.813800               381.990000                 1.155100
3.888500               389.250000                 1.155100
3.963300               397.030000                 1.179500
4.038100               404.320000                 1.176800
4.112900               411.990000                 1.212000
4.187700               419.300000                 1.228200
4.262400               426.850000                 1.244400
4.337200               434.160000                 1.257900
4.412000               441.760000                 1.295800
4.486800               449.220000                 1.322900
4.561600               456.740000                 1.341800
4.636300               464.160000                 1.352600
4.711100               471.650000                 1.382400
4.785900               479.270000                 1.406700
4.860700               486.560000                 1.390500
4.935500               494.210000                 1.404000
5.010200               501.620000                 1.409400
5.085000               509.020000                 1.406700
5.159800               516.510000                 1.395900
5.234600               524.050000                 1.382400
5.309400               531.470000                 1.368800
5.384100               538.860000                 1.341800
5.458900               546.350000                 1.317500
5.533700               554.100000                 1.301200
5.608500               561.670000                 1.295800
5.683300               568.880000                 1.260600
5.758000               576.330000                 1.244400
5.832800               583.770000                 1.212000
5.907600               591.160000                 1.217400
5.982400               598.780000                 1.209200
6.057200               606.270000                 1.206500
6.131900               613.690000                 1.209200
6.206700               621.180000                 1.212000
6.281500               628.800000                 1.217400
6.356300               636.040000                 1.203800
6.431100               643.760000                 1.230900
6.505800               651.180000                 1.239000
6.580600               658.620000                 1.257900
6.655400               666.240000                 1.274200
6.730200               673.660000                 1.293100
6.804900               681.130000                 1.322900
6.879700               688.520000                 1.333700
6.954500               696.060000                 1.358000
7.029300               703.580000                 1.401300
7.104100               711.250000                 1.433800
7.178800               718.460000                 1.452700
7.253600               726.030000                 1.493300
7.328400               733.370000                 1.525800
7.403200               740.770000                 1.547400
7.478000               748.310000                 1.588000
7.552700               755.880000                 1.628600
7.627500               763.420000                 1.696200
7.702300               770.710000                 1.720500
7.777100               778.150000                 1.761100
7.851900               785.800000                 1.823300
7.926600               793.290000                 1.874700
8.001400               800.890000                 1.945100
8.076200               808.230000                 1.980200
8.151000               815.570000                 2.039800
8.225800               823.160000                 2.123600
8.300500               830.630000                 2.180400
8.375300               838.070000                 2.250800
8.450100               845.410000                 2.334600
8.524900               852.930000                 2.426600
8.599700               860.480000                 2.532100
8.674400               867.970000                 2.618700
8.749200               875.440000                 2.718800
8.824000               882.850000                 2.835100
8.898800               890.470000                 2.937900
8.973600               897.810000                 3.035300
9.048300               905.410000                 3.138100
9.123100               912.850000                 3.243600
9.197900               920.220000                 3.368000
9.272700               927.560000                 3.541200
9.347500               935.250000                 3.784600
9.422200               942.640000                 4.038900
9.497000               950.190000                 4.401400
9.571800               957.630000                 4.853200
9.646600               964.870000                 5.299600
9.721400               972.460000                 5.764900
9.796100               979.980000                 6.205800
9.870900               987.420000                 6.573800
9.945700               994.870000                 6.852400
10.020500               1002.400000                 7.076900
10.095300               1009.800000                 7.247400
10.170000               1017.500000                 7.385300
10.244800               1024.800000                 7.450200
10.319600               1032.300000                 7.471900
10.394400               1039.700000                 7.469200
10.469200               1047.200000                 7.423200
10.543900               1054.700000                 7.347500
10.618700               1062.000000                 7.309600
10.693500               1069.500000                 7.347500
10.768300               1077.100000                 7.501600
10.843100               1084.400000                 7.799200
10.917800               1092.100000                 8.421400
10.992600               1099.400000                 9.465700
11.067400               1106.900000                 11.173000
11.142200               1114.400000                 13.878000
11.217000               1121.700000                 17.922000
11.291700               1129.400000                 23.682000
11.366500               1136.700000                 31.432000
11.441300               1144.300000                 41.682000
11.516100               1147.800000                 43.462000
11.590800               1141.000000                 23.384000
11.665600               1133.500000                 8.762300
11.740400               1125.900000                 -1.106400
11.815200               1118.500000                 -7.255500
11.890000               1111.000000                 -10.448000
11.964700               1103.600000                 -11.240000
12.039500               1096.100000                 -10.185000
12.114300               1088.700000                 -8.188800
12.189100               1081.200000                 -6.135500
12.263900               1073.700000                 -4.561000
12.338600               1066.200000                 -3.470800
12.413400               1058.800000                 -2.783700
12.488200               1051.400000                 -2.375200
12.563000               1044.000000                 -2.223700
12.637800               1036.600000                 -2.261600
12.712500               1029.100000                 -2.507800
12.787300               1021.500000                 -2.829700
12.862100               1014.200000                 -3.108300
12.936900               1006.800000                 -3.327400
13.011700               999.240000                 -3.454600
13.086400               991.820000                 -3.541200
13.161200               984.300000                 -3.560100
13.236000               976.880000                 -3.565500
13.310800               969.590000                 -3.541200
13.385600               961.900000                 -3.441100
13.460300               954.580000                 -3.246300
13.535100               947.090000                 -3.021800
13.609900               939.720000                 -2.756700
13.684700               932.230000                 -2.491500
13.759500               924.660000                 -2.245400
13.834200               917.300000                 -2.039800
13.909000               909.750000                 -1.882800
13.983800               902.510000                 -1.728700
14.058600               894.970000                 -1.615000
14.133400               887.550000                 -1.523100
14.208100               880.090000                 -1.458100
14.282900               872.790000                 -1.371600
14.357700               865.300000                 -1.317500
14.432500               857.760000                 -1.290400
14.507300               850.420000                 -1.241700
14.582000               842.900000                 -1.212000
14.656800               835.480000                 -1.182200
14.731600               827.940000                 -1.168700
14.806400               820.650000                 -1.144300
14.881200               813.110000                 -1.128100
14.955900               805.760000                 -1.122700
15.030700               798.250000                 -1.136200
15.105500               790.700000                 -1.120000
15.180300               783.360000                 -1.120000
15.255100               775.920000                 -1.128100
15.329800               768.430000                 -1.138900
15.404600               760.960000                 -1.144300
15.479400               753.620000                 -1.163300
15.554200               745.970000                 -1.193000
15.629000               738.710000                 -1.193000
15.703700               731.160000                 -1.214700
15.778500               723.850000                 -1.241700
15.853300               716.410000                 -1.257900
15.928100               708.860000                 -1.295800
16.002800               701.470000                 -1.314800
16.077600               694.080000                 -1.358000
16.152400               686.660000                 -1.371600
16.227200               679.170000                 -1.404000
16.302000               671.470000                 -1.479800
16.376700               663.900000                 -1.531200
16.451500               656.540000                 -1.552800
16.526300               649.120000                 -1.596100
16.601100               641.810000                 -1.642100
16.675900               634.470000                 -1.701600
16.750600               626.850000                 -1.758400
16.825400               619.460000                 -1.809800
16.900200               611.910000                 -1.858500
16.975000               604.420000                 -1.915300
17.049800               597.080000                 -1.958600
17.124500               589.660000                 -2.015400
17.199300               582.370000                 -2.050600
17.274100               574.730000                 -2.104700
17.348900               567.410000                 -2.158800
17.423700               559.820000                 -2.231800
17.498400               552.320000                 -2.285900
17.573200               544.980000                 -2.348100
17.648000               537.390000                 -2.426600
17.722800               530.020000                 -2.494200
17.797600               522.580000                 -2.572700
17.872300               515.110000                 -2.634900
17.947100               507.720000                 -2.705200
18.021900               500.250000                 -2.759300
18.096700               492.790000                 -2.808100
18.171500               485.240000                 -2.859400
18.246200               477.930000                 -2.908100
18.321000               470.260000                 -2.929800
18.395800               463.040000                 -2.924400
18.470600               455.570000                 -2.937900
18.545400               447.980000                 -2.946000
18.620100               440.590000                 -2.927100
18.694900               433.150000                 -2.905400
18.769700               425.730000                 -2.886500
18.844500               418.290000                 -2.867600
18.919300               410.770000                 -2.827000
18.994000               403.380000                 -2.789100
19.068800               395.830000                 -2.764800
19.143600               388.440000                 -2.718800
19.218400               380.920000                 -2.683600
19.293200               373.610000                 -2.640300
19.367900               366.120000                 -2.599700
19.442700               358.620000                 -2.561900
19.517500               351.230000                 -2.510500
19.592300               343.790000                 -2.475300
19.667100               336.320000                 -2.437400
19.741800               328.900000                 -2.391400
19.816600               321.390000                 -2.348100
19.891400               313.970000                 -2.313000
19.966200               306.530000                 -2.272400
20.041000               298.980000                 -2.250800
20.115700               291.490000                 -2.223700
20.190500               284.100000                 -2.194000
20.265300               276.630000                 -2.175000
20.340100               269.240000                 -2.148000
20.414800               261.800000                 -2.137100
20.489600               254.200000                 -2.137100
20.564400               246.860000                 -2.107400
20.639200               239.500000                 -2.102000
20.714000               231.900000                 -2.112800
20.788700               224.380000                 -2.120900
20.863500               217.090000                 -2.093900
20.938300               209.550000                 -2.085700
21.013100               202.160000                 -2.083000
21.087900               194.770000                 -2.064100
21.162600               187.320000                 -2.037000
21.237400               179.780000                 -2.034300
21.312200               172.190000                 -2.026200
21.387000               164.690000                 -2.007300
21.461800               157.460000                 -1.982900
21.536500               149.960000                 -1.988400
21.611300               142.420000                 -1.982900
21.686100               135.050000                 -1.953200
21.760900               127.610000                 -1.958600
21.835700               119.940000                 -1.966700
21.910400               112.600000                 -1.966700
21.985200               105.130000                 -1.966700
22.060000               97.587000                 -1.988400
22.134800               90.221000                 -1.996500
22.209600               82.677000                 -2.004600
22.284300               75.362000                 -2.007300
22.359100               67.818000                 -2.047900
22.433900               60.401000                 -2.064100
22.508700               52.959000                 -2.096600
22.583500               45.441000                 -2.118200
22.658200               38.202000                 -2.156100
22.733000               30.632000                 -2.199400
22.807800               23.216000                 -2.221000
22.882600               15.875000                 -2.277800
22.957400               8.255000                 -2.326500
23.032100               0.812800                 -2.367100
23.106900               -6.654800                 -2.399600
23.181700               -14.275000                 -2.469900
23.256500               -21.463000                 -2.510500
23.331300               -28.931000                 -2.534800
23.406000               -36.322000                 -2.580800
23.480800               -43.917000                 -2.632200
23.555600               -51.359000                 -2.659300
23.630400               -58.750000                 -2.680900
23.705200               -66.142000                 -2.705200
23.779900               -73.711000                 -2.740400
23.854700               -81.102000                 -2.743100
23.929500               -88.494000                 -2.759300
24.004300               -95.987000                 -2.783700
24.079100               -103.350000                 -2.786400
24.153800               -110.770000                 -2.781000
24.228600               -118.310000                 -2.797200
24.303400               -125.830000                 -2.824300
24.378200               -133.250000                 -2.802600
24.453000               -140.720000                 -2.794500
24.527700               -148.110000                 -2.797200
24.602500               -155.470000                 -2.789100
24.677300               -162.940000                 -2.770200
24.752100               -170.410000                 -2.770200
24.826800               -177.820000                 -2.767500
24.901600               -185.340000                 -2.751200
24.976400               -192.760000                 -2.732300
25.051200               -200.200000                 -2.718800
25.126000               -207.670000                 -2.721500
25.200700               -214.830000                 -2.672800
25.275500               -222.610000                 -2.659300
25.350300               -229.970000                 -2.645700
25.425100               -237.440000                 -2.634900
25.499900               -244.880000                 -2.602500
25.574600               -252.320000                 -2.599700
25.649400               -259.790000                 -2.572700
25.724200               -267.330000                 -2.561900
25.799000               -274.650000                 -2.521300
25.873800               -282.040000                 -2.515900
25.948500               -289.480000                 -2.510500
26.023300               -296.900000                 -2.467200
26.098100               -304.570000                 -2.456400
26.172900               -311.960000                 -2.456400
26.247700               -319.250000                 -2.429300
26.322400               -326.770000                 -2.413100
26.397200               -334.370000                 -2.418500
26.472000               -341.550000                 -2.399600
26.546800               -349.230000                 -2.386000
26.621600               -356.590000                 -2.364400
26.696300               -364.110000                 -2.369800
26.771100               -371.450000                 -2.350900
26.845900               -379.020000                 -2.340000
26.920700               -386.210000                 -2.313000
26.995500               -393.850000                 -2.323800
27.070200               -401.240000                 -2.323800
27.145000               -408.690000                 -2.313000
27.219800               -416.150000                 -2.318400
27.294600               -423.550000                 -2.331900
27.369400               -430.940000                 -2.321100
27.444100               -438.510000                 -2.342700
27.518900               -445.950000                 -2.364400
27.593700               -453.340000                 -2.388700
27.668500               -460.730000                 -2.413100
27.743300               -468.250000                 -2.448200
27.818000               -475.720000                 -2.496900
27.892800               -483.340000                 -2.559200
27.967600               -490.700000                 -2.629500
28.042400               -498.170000                 -2.726900
28.117200               -505.640000                 -2.818900
28.191900               -513.000000                 -2.873000
28.266700               -520.420000                 -2.921700
28.341500               -527.860000                 -2.954100
28.416300               -535.530000                 -2.983900
28.491100               -542.850000                 -2.986600
28.565800               -550.290000                 -3.024500
28.640600               -557.780000                 -3.078600
28.715400               -565.230000                 -3.100200
28.790200               -572.640000                 -3.157000
28.865000               -579.930000                 -3.232800
28.939700               -587.450000                 -3.322000
29.014500               -595.150000                 -3.411300
29.089300               -602.460000                 -3.522200
29.164100               -609.780000                 -3.662900
29.238800               -617.400000                 -3.814400
29.313600               -624.640000                 -3.917200
29.388400               -632.380000                 -4.087600
29.463200               -639.800000                 -4.203900
29.538000               -647.170000                 -4.274300
29.612700               -654.660000                 -4.306800
29.687500               -662.130000                 -4.352700
29.762300               -669.540000                 -4.336500
29.837100               -677.010000                 -4.320300
29.911900               -684.480000                 -4.347300
29.986600               -691.770000                 -4.387900
30.061400               -699.440000                 -4.415000
30.136200               -706.910000                 -4.474500
30.211000               -714.320000                 -4.544800
30.285800               -721.590000                 -4.574600
30.360500               -729.110000                 -4.580000
30.435300               -736.520000                 -4.563700
30.510100               -743.910000                 -4.569200
30.584900               -751.430000                 -4.534000
30.659700               -759.000000                 -4.504200
30.734400               -766.270000                 -4.496100
30.809200               -773.790000                 -4.528600
30.884000               -781.360000                 -4.561000
30.958800               -788.820000                 -4.642200
31.033600               -796.240000                 -4.807200
31.108300               -803.630000                 -4.958700
31.183100               -811.100000                 -5.172400
31.257900               -818.590000                 -5.499800
31.332700               -826.030000                 -5.943400
31.407500               -833.500000                 -6.465500
31.482200               -840.990000                 -7.139100
31.557000               -848.310000                 -7.999400
31.631800               -855.960000                 -9.051800
31.706600               -863.170000                 -10.231000
31.781400               -870.910000                 -11.668000
31.856100               -878.100000                 -13.283000
31.930900               -885.650000                 -15.055000
32.005700               -893.290000                 -16.948000
32.080500               -898.320000                 -17.011000
32.155300               -892.230000                 -10.166000
32.230000               -884.990000                 -4.874900
32.304800               -877.490000                 -1.122700
32.379600               -870.100000                 1.455400
32.454400               -862.480000                 3.181400
32.529200               -855.120000                 4.193100
32.603900               -847.500000                 4.704400
32.678700               -840.210000                 4.780200
32.753500               -832.820000                 4.609700
32.828300               -825.090000                 4.393300
32.903100               -817.600000                 4.103900
32.977800               -810.280000                 3.817100
33.052600               -802.920000                 3.565500
33.127400               -795.250000                 3.373400
33.202200               -787.810000                 3.203000
33.277000               -780.360000                 3.038000
33.351700               -772.790000                 2.924400
33.426500               -765.350000                 2.835100
33.501300               -757.990000                 2.732300
33.576100               -750.520000                 2.656600
33.650900               -742.980000                 2.613300
33.725600               -735.610000                 2.578100
33.800400               -728.090000                 2.551100
33.875200               -720.470000                 2.526700
33.950000               -713.080000                 2.534800
34.024700               -705.610000                 2.537500
34.099500               -698.120000                 2.526700
34.174300               -690.550000                 2.510500
34.249100               -683.260000                 2.510500
34.323900               -675.690000                 2.526700
34.398600               -668.040000                 2.524000
34.473400               -660.650000                 2.515900
34.548200               -653.310000                 2.524000
34.623000               -645.900000                 2.515900
34.697800               -638.430000                 2.526700
34.772500               -630.860000                 2.532100
34.847300               -623.190000                 2.567300
34.922100               -615.920000                 2.564600
34.996900               -608.280000                 2.564600
35.071700               -600.890000                 2.559200
35.146400               -593.340000                 2.540200
35.221200               -586.000000                 2.499600
35.296000               -578.330000                 2.442800
35.370800               -570.990000                 2.372500
35.445600               -563.520000                 2.304900
35.520300               -555.960000                 2.237200
35.595100               -548.690000                 2.161500
35.669900               -540.920000                 2.107400
35.744700               -533.550000                 2.058700
35.819500               -526.010000                 2.026200
35.894200               -518.740000                 1.985600
35.969000               -511.180000                 1.974800
36.043800               -503.500000                 1.999200
36.118600               -496.160000                 1.991100
36.193400               -488.950000                 1.988400
36.268100               -481.180000                 2.010000
36.342900               -473.990000                 1.996500
36.417700               -466.140000                 1.999200
36.492500               -458.830000                 1.939700
36.567300               -451.360000                 1.880100
36.642000               -444.020000                 1.790900
36.716800               -436.320000                 1.698900
36.791600               -428.800000                 1.612300
36.866400               -421.460000                 1.536600
36.941200               -413.870000                 1.466200
37.015900               -406.550000                 1.393200
37.090700               -399.030000                 1.341800
37.165500               -391.520000                 1.298500
37.240300               -383.970000                 1.268800
37.315100               -376.760000                 1.222800
37.389800               -369.010000                 1.201100
37.464600               -361.520000                 1.198400
37.539400               -354.280000                 1.179500
37.614200               -346.610000                 1.166000
37.689000               -339.190000                 1.163300
37.763700               -331.720000                 1.171400
37.838500               -324.360000                 1.168700
37.913300               -317.020000                 1.152400
37.988100               -309.300000                 1.182200
38.062900               -301.750000                 1.203800
38.137600               -294.360000                 1.187600
38.212400               -286.840000                 1.187600
38.287200               -279.300000                 1.203800
38.362000               -271.860000                 1.212000
38.436700               -264.490000                 1.193000
38.511500               -257.020000                 1.187600
38.586300               -249.500000                 1.198400
38.661100               -242.040000                 1.201100
38.735900               -234.490000                 1.187600
38.810600               -227.030000                 1.176800
38.885400               -219.510000                 1.184900
38.960200               -211.960000                 1.190300
39.035000               -204.570000                 1.171400
39.109800               -197.180000                 1.160500
39.184500               -189.510000                 1.179500
39.259300               -182.120000                 1.179500
39.334100               -174.620000                 1.168700
39.408900               -167.210000                 1.147000
39.483700               -159.940000                 1.152400
39.558400               -152.320000                 1.147000
39.633200               -144.860000                 1.136200
39.708000               -137.470000                 1.130800
39.782800               -129.790000                 1.147000
39.857600               -122.450000                 1.128100
39.932300               -114.960000                 1.114600
40.007100               -107.310000                 1.122700
40.081900               -99.873000                 1.122700
40.156700               -92.456000                 1.109200
40.231500               -85.242000                 1.087500
40.306200               -77.572000                 1.111900
40.381000               -70.053000                 1.101000
40.455800               -62.611000                 1.079400
40.530600               -55.118000                 1.082100
40.605400               -47.523000                 1.090200
40.680100               -40.284000                 1.071300
40.754900               -32.766000                 1.065900
40.829700               -25.425000                 1.065900
40.904500               -17.831000                 1.065900
40.979300               -10.312000                 1.068600
41.054000               -3.124200                 1.057700
41.128800               4.521200                 1.065900


Цикл № 3
Шаг  № 1
Точек  549
Циклическая потенцио. развертка, Скорость развертки 100,12 мВ/с.
Время, с.              Потенциал, мВ            Ток, мкА
0.074800               12.065000                 1.079400
0.149600               19.533000                 1.076700
0.224300               27.178000                 1.082100
0.299100               34.620000                 1.087500
0.373900               41.961000                 1.090200
0.448700               49.555000                 1.092900
0.523500               56.896000                 1.076700
0.598200               64.516000                 1.098300
0.673000               71.984000                 1.114600
0.747800               79.502000                 1.103700
0.822600               86.893000                 1.098300
0.897400               94.285000                 1.106400
0.972100               101.880000                 1.117300
1.046900               109.450000                 1.106400
1.121700               116.890000                 1.117300
1.196500               124.540000                 1.130800
1.271300               131.900000                 1.138900
1.346000               139.290000                 1.114600
1.420800               146.760000                 1.111900
1.495600               154.130000                 1.125400
1.570400               161.820000                 1.130800
1.645200               169.320000                 1.128100
1.719900               176.680000                 1.120000
1.794700               184.120000                 1.133500
1.869500               191.790000                 1.128100
1.944300               198.960000                 1.120000
2.019100               206.680000                 1.136200
2.093800               214.020000                 1.141600
2.168600               221.590000                 1.157900
2.243400               229.060000                 1.163300
2.318200               236.550000                 1.176800
2.392900               244.070000                 1.193000
2.467700               251.610000                 1.230900
2.542500               259.060000                 1.236300
2.617300               266.450000                 1.257900
2.692100               273.890000                 1.271500
2.766800               281.610000                 1.263300
2.841600               289.100000                 1.257900
2.916400               296.440000                 1.257900
2.991200               303.910000                 1.249800
3.066000               311.350000                 1.222800
3.140700               318.950000                 1.239000
3.215500               326.340000                 1.230900
3.290300               333.880000                 1.244400
3.365100               341.350000                 1.225500
3.439900               348.940000                 1.236300
3.514600               356.260000                 1.241700
3.589400               363.830000                 1.241700
3.664200               371.200000                 1.241700
3.739000               378.870000                 1.255200
3.813800               386.110000                 1.257900
3.888500               393.750000                 1.285000
3.963300               401.350000                 1.309300
4.038100               408.960000                 1.328300
4.112900               416.050000                 1.331000
4.187700               423.470000                 1.344500
4.262400               431.110000                 1.363400
4.337200               438.580000                 1.404000
4.412000               446.020000                 1.423000
4.486800               453.420000                 1.447300
4.561600               460.990000                 1.466200
4.636300               468.580000                 1.501400
4.711100               476.050000                 1.514900
4.785900               483.360000                 1.514900
4.860700               490.980000                 1.523100
4.935500               498.270000                 1.531200
5.010200               505.710000                 1.528500
5.085000               513.360000                 1.520400
5.159800               520.800000                 1.501400
5.234600               528.350000                 1.487900
5.309400               535.630000                 1.466200
5.384100               543.310000                 1.436500
5.458900               550.820000                 1.412100
5.533700               558.240000                 1.393200
5.608500               565.660000                 1.358000
5.683300               573.080000                 1.336400
5.758000               580.490000                 1.322900
5.832800               588.190000                 1.320200
5.907600               595.760000                 1.306600
5.982400               603.050000                 1.290400
6.057200               610.440000                 1.287700
6.131900               617.910000                 1.287700
6.206700               625.600000                 1.303900
6.281500               633.020000                 1.290400
6.356300               640.460000                 1.317500
6.431100               648.000000                 1.320200
6.505800               655.570000                 1.339100
6.580600               662.790000                 1.339100
6.655400               670.380000                 1.387800
6.730200               677.800000                 1.398600
6.804900               685.500000                 1.412100
6.879700               692.730000                 1.436500
6.954500               700.280000                 1.477100
7.029300               707.850000                 1.512200
7.104100               715.340000                 1.525800
7.178800               722.780000                 1.566300
7.253600               730.230000                 1.596100
7.328400               737.570000                 1.631300
7.403200               745.240000                 1.669100
7.478000               752.630000                 1.723200
7.552700               759.870000                 1.758400
7.627500               767.540000                 1.796300
7.702300               774.950000                 1.839600
7.777100               782.550000                 1.904500
7.851900               790.020000                 1.966700
7.926600               797.640000                 2.012700
8.001400               805.030000                 2.074900
8.076200               812.470000                 2.139900
8.151000               820.040000                 2.223700
8.225800               827.350000                 2.261600
8.300500               835.050000                 2.340000
8.375300               842.240000                 2.407700
8.450100               849.780000                 2.505100
8.524900               857.330000                 2.594300
8.599700               864.820000                 2.678200
8.674400               872.060000                 2.781000
8.749200               879.860000                 2.891900
8.824000               887.120000                 2.994700
8.898800               894.560000                 3.089400
8.973600               902.160000                 3.216500
9.048300               909.620000                 3.316600
9.123100               917.020000                 3.419400
9.197900               924.360000                 3.581700
9.272700               931.850000                 3.781900
9.347500               939.470000                 4.028100
9.422200               946.960000                 4.352700
9.497000               954.330000                 4.734200
9.571800               961.870000                 5.156200
9.646600               969.290000                 5.599900
9.721400               976.780000                 6.046200
9.796100               984.200000                 6.454700
9.870900               991.850000                 6.771200
9.945700               999.180000                 7.014700
10.020500               1006.600000                 7.228400
10.095300               1014.100000                 7.355600
10.170000               1021.600000                 7.444800
10.244800               1029.100000                 7.504300
10.319600               1036.300000                 7.512500
10.394400               1043.900000                 7.469200
10.469200               1051.200000                 7.407000
10.543900               1059.000000                 7.390700
10.618700               1066.100000                 7.401600
10.693500               1073.700000                 7.509800
10.768300               1081.200000                 7.750500
10.843100               1088.800000                 8.259100
10.917800               1096.400000                 9.116700
10.992600               1103.800000                 10.553000
11.067400               1111.300000                 12.885000
11.142200               1118.600000                 16.472000
11.217000               1126.100000                 21.661000
11.291700               1133.500000                 28.862000
11.366500               1141.100000                 38.515000
11.441300               1147.800000                 48.873000
11.516100               1144.100000                 32.682000
11.590800               1136.800000                 14.630000
11.665600               1129.200000                 2.421200
11.740400               1121.600000                 -5.448400
11.815200               1114.300000                 -9.909300
11.890000               1106.900000                 -11.619000
11.964700               1099.300000                 -11.219000
12.039500               1091.900000                 -9.487300
12.114300               1084.400000                 -7.306900
12.189100               1077.000000                 -5.421300
12.263900               1069.400000                 -4.101100
12.338600               1062.000000                 -3.200300
12.413400               1054.600000                 -2.656600
12.488200               1047.200000                 -2.345500
12.563000               1039.900000                 -2.250800
12.637800               1032.300000                 -2.421200
12.712500               1024.800000                 -2.724200
12.787300               1017.400000                 -3.019100
12.862100               1009.900000                 -3.257100
12.936900               1002.500000                 -3.427600
13.011700               995.120000                 -3.524900
13.086400               987.580000                 -3.538500
13.161200               980.210000                 -3.573600
13.236000               972.740000                 -3.560100
13.310800               965.170000                 -3.465400
13.385600               957.780000                 -3.303100
13.460300               950.420000                 -3.111000
13.535100               942.900000                 -2.856700
13.609900               935.510000                 -2.588900
13.684700               928.090000                 -2.329200
13.759500               920.600000                 -2.129000
13.834200               913.150000                 -1.955900
13.909000               905.660000                 -1.799000
13.983800               898.170000                 -1.674500
14.058600               890.880000                 -1.585300
14.133400               883.410000                 -1.498700
14.208100               875.920000                 -1.433800
14.282900               868.530000                 -1.368800
14.357700               861.140000                 -1.331000
14.432500               853.670000                 -1.276900
14.507300               846.100000                 -1.244400
14.582000               838.710000                 -1.222800
14.656800               831.320000                 -1.203800
14.731600               823.670000                 -1.176800
14.806400               816.380000                 -1.163300
14.881200               808.890000                 -1.166000
14.955900               801.470000                 -1.147000
15.030700               794.000000                 -1.155100
15.105500               786.590000                 -1.141600
15.180300               779.120000                 -1.160500
15.255100               771.630000                 -1.149700
15.329800               764.290000                 -1.160500
15.404600               756.870000                 -1.195700
15.479400               749.220000                 -1.209200
15.554200               741.930000                 -1.220100
15.629000               734.420000                 -1.241700
15.703700               727.050000                 -1.276900
15.778500               719.630000                 -1.279600
15.853300               712.160000                 -1.320200
15.928100               704.650000                 -1.358000
16.002800               697.330000                 -1.377000
16.077600               689.660000                 -1.420300
16.152400               682.320000                 -1.450000
16.227200               674.850000                 -1.498700
16.302000               667.440000                 -1.533900
16.376700               659.970000                 -1.563600
16.451500               652.420000                 -1.617700
16.526300               645.160000                 -1.666400
16.601100               637.640000                 -1.704300
16.675900               630.200000                 -1.747600
16.750600               622.710000                 -1.817900
16.825400               615.110000                 -1.891000
16.900200               607.770000                 -1.928800
16.975000               600.180000                 -1.982900
17.049800               592.780000                 -2.037000
17.124500               585.470000                 -2.074900
17.199300               577.880000                 -2.120900
17.274100               570.560000                 -2.169600
17.348900               563.120000                 -2.237200
17.423700               555.570000                 -2.307600
17.498400               548.160000                 -2.361700
17.573200               540.840000                 -2.434700
17.648000               533.200000                 -2.518600
17.722800               525.830000                 -2.575400
17.797600               518.340000                 -2.656600
17.872300               510.950000                 -2.724200
17.947100               503.610000                 -2.789100
18.021900               495.990000                 -2.843200
18.096700               488.540000                 -2.908100
18.171500               481.180000                 -2.954100
18.246200               473.660000                 -2.978500
18.321000               466.270000                 -3.002800
18.395800               458.750000                 -3.027200
18.470600               451.230000                 -3.021800
18.545400               443.840000                 -3.021800
18.620100               436.350000                 -2.992000
18.694900               428.930000                 -2.970400
18.769700               421.670000                 -2.929800
18.844500               414.100000                 -2.886500
18.919300               406.730000                 -2.859400
18.994000               399.160000                 -2.821600
19.068800               391.690000                 -2.772900
19.143600               384.330000                 -2.726900
19.218400               376.610000                 -2.694400
19.293200               369.370000                 -2.640300
19.367900               361.850000                 -2.591600
19.442700               354.330000                 -2.564600
19.517500               347.120000                 -2.505100
19.592300               339.450000                 -2.451000
19.667100               332.180000                 -2.402300
19.741800               324.610000                 -2.361700
19.816600               317.020000                 -2.329200
19.891400               309.880000                 -2.277800
19.966200               302.260000                 -2.248100
20.041000               294.720000                 -2.223700
20.115700               287.320000                 -2.188500
20.190500               279.910000                 -2.156100
20.265300               272.470000                 -2.137100
20.340100               264.950000                 -2.129000
20.414800               257.480000                 -2.104700
20.489600               250.190000                 -2.088400
20.564400               242.570000                 -2.088400
20.639200               235.230000                 -2.093900
20.714000               227.810000                 -2.083000
20.788700               220.290000                 -2.093900
20.863500               212.880000                 -2.080300
20.938300               205.440000                 -2.077600
21.013100               197.940000                 -2.047900
21.087900               190.550000                 -2.031600
21.162600               182.930000                 -2.037000
21.237400               175.510000                 -2.015400
21.312200               167.940000                 -1.999200
21.387000               160.710000                 -1.993800
21.461800               153.160000                 -1.985600
21.536500               145.520000                 -1.980200
21.611300               138.300000                 -1.974800
21.686100               130.860000                 -1.969400
21.760900               123.220000                 -1.980200
21.835700               115.930000                 -1.969400
21.910400               108.360000                 -1.985600
21.985200               100.810000                 -1.996500
22.060000               93.497000                 -2.001900
22.134800               86.131000                 -2.001900
22.209600               78.562000                 -2.050600
22.284300               71.018000                 -2.074900
22.359100               63.576000                 -2.085700
22.433900               56.210000                 -2.118200
22.508700               48.692000                 -2.166900
22.583500               41.326000                 -2.188500
22.658200               33.680000                 -2.234500
22.733000               26.314000                 -2.269700
22.807800               18.847000                 -2.331900
22.882600               11.354000                 -2.372500
22.957400               4.089400                 -2.410400
23.032100               -3.505200                 -2.469900
23.106900               -10.897000                 -2.537500
23.181700               -18.440000                 -2.564600
23.256500               -25.756000                 -2.610600
23.331300               -33.198000                 -2.670100
23.406000               -40.538000                 -2.710700
23.480800               -48.235000                 -2.743100
23.555600               -55.550000                 -2.778300
23.630400               -63.068000                 -2.816200
23.705200               -70.485000                 -2.829700
23.779900               -77.876000                 -2.843200
23.854700               -85.319000                 -2.870300
23.929500               -92.812000                 -2.891900
24.004300               -100.180000                 -2.894600
24.079100               -107.590000                 -2.981200
24.153800               -114.910000                 -3.370700
24.228600               -122.450000                 -3.327400
24.303400               -130.000000                 -3.219200
24.378200               -137.390000                 -3.232800
24.453000               -144.860000                 -3.381600
24.527700               -152.320000                 -3.200300
24.602500               -159.720000                 -3.102900
24.677300               -167.210000                 -3.124600
24.752100               -174.650000                 -3.084000
24.826800               -182.090000                 -3.019100
24.901600               -189.480000                 -2.994700
24.976400               -196.980000                 -2.986600
25.051200               -204.470000                 -2.924400
25.126000               -211.890000                 -2.897300
25.200700               -219.330000                 -2.889200
25.275500               -226.750000                 -2.845900
25.350300               -234.240000                 -2.808100
25.425100               -241.860000                 -2.791800
25.499900               -249.220000                 -2.775600
25.574600               -256.540000                 -2.732300
25.649400               -263.980000                 -2.691700
25.724200               -271.530000                 -2.675500
25.799000               -278.970000                 -2.651100
25.873800               -286.440000                 -2.610600
25.948500               -293.880000                 -2.594300
26.023300               -301.370000                 -2.575400
26.098100               -308.560000                 -2.542900
26.172900               -316.080000                 -2.515900
26.247700               -323.650000                 -2.502300
26.322400               -330.960000                 -2.491500
26.397200               -338.560000                 -2.467200
26.472000               -345.870000                 -2.459100
26.546800               -353.310000                 -2.451000
26.621600               -360.830000                 -2.440100
26.696300               -368.270000                 -2.421200
26.771100               -375.640000                 -2.418500
26.845900               -383.180000                 -2.432000
26.920700               -390.520000                 -2.469900
26.995500               -398.140000                 -2.442800
27.070200               -405.440000                 -2.448200
27.145000               -413.110000                 -2.634900
27.219800               -420.470000                 -2.586200
27.294600               -427.890000                 -2.502300
27.369400               -435.310000                 -2.570000
27.444100               -442.820000                 -2.616000
27.518900               -450.190000                 -2.556500
27.593700               -457.760000                 -2.594300
27.668500               -464.970000                 -2.651100
27.743300               -472.490000                 -2.651100
27.818000               -480.010000                 -2.680900
27.892800               -487.380000                 -2.767500
27.967600               -495.020000                 -2.848600
28.042400               -502.410000                 -2.902700
28.117200               -509.650000                 -2.970400
28.191900               -517.170000                 -3.062300
28.266700               -524.640000                 -3.075900
28.341500               -532.110000                 -3.089400
28.416300               -539.600000                 -3.140800
28.491100               -547.120000                 -3.159700
28.565800               -554.580000                 -3.167800
28.640600               -562.100000                 -3.208400
28.715400               -569.520000                 -3.257100
28.790200               -576.940000                 -3.289600
28.865000               -584.450000                 -3.335600
28.939700               -591.870000                 -3.422100
29.014500               -599.160000                 -3.527600
29.089300               -606.650000                 -3.630400
29.164100               -614.150000                 -3.768400
29.238800               -621.610000                 -3.938800
29.313600               -629.060000                 -4.074100
29.388400               -636.520000                 -4.195800
29.463200               -643.940000                 -4.317600
29.538000               -651.460000                 -4.425800
29.612700               -658.930000                 -4.461000
29.687500               -666.340000                 -4.452800
29.762300               -673.660000                 -4.485300
29.837100               -681.230000                 -4.504200
29.911900               -688.590000                 -4.506900
29.986600               -696.160000                 -4.547500
30.061400               -703.530000                 -4.631400
30.136200               -711.100000                 -4.680100
30.211000               -718.540000                 -4.699000
30.285800               -725.930000                 -4.718000
30.360500               -733.420000                 -4.742300
30.435300               -741.040000                 -4.682800
30.510100               -748.360000                 -4.628700
30.584900               -755.600000                 -4.596200
30.659700               -762.990000                 -4.563700
30.734400               -770.710000                 -4.523200
30.809200               -778.150000                 -4.542100
30.884000               -785.620000                 -4.634100
30.958800               -792.990000                 -4.720700
31.033600               -800.510000                 -4.842400
31.108300               -807.920000                 -5.061500
31.183100               -815.290000                 -5.342900
31.257900               -822.630000                 -5.689100
31.332700               -830.170000                 -6.170700
31.407500               -837.590000                 -6.806400
31.482200               -845.290000                 -7.574700
31.557000               -852.630000                 -8.480900
31.631800               -860.100000                 -9.619900
31.706600               -867.540000                 -10.954000
31.781400               -875.030000                 -12.436000
31.856100               -882.470000                 -14.124000
31.930900               -889.790000                 -15.956000
32.005700               -897.230000                 -17.779000
32.080500               -895.780000                 -13.004000
32.155300               -888.340000                 -6.855100
32.230000               -880.800000                 -2.556500
32.304800               -873.280000                 0.484240
32.379600               -865.660000                 2.607900
32.454400               -858.320000                 3.898300
32.529200               -850.920000                 4.547500
32.603900               -843.280000                 4.804500
32.678700               -835.990000                 4.758500
32.753500               -828.470000                 4.523200
32.828300               -820.950000                 4.241800
32.903100               -813.540000                 3.955100
32.977800               -806.070000                 3.725100
33.052600               -798.550000                 3.500600
33.127400               -790.830000                 3.322000
33.202200               -783.670000                 3.157000
33.277000               -776.070000                 3.048800
33.351700               -768.530000                 2.929800
33.426500               -761.110000                 2.837800
33.501300               -753.570000                 2.767500
33.576100               -746.200000                 2.713400
33.650900               -738.730000                 2.656600
33.725600               -731.110000                 2.629500
33.800400               -723.650000                 2.643000
33.875200               -716.380000                 2.613300
33.950000               -709.020000                 2.586200
34.024700               -701.290000                 2.607900
34.099500               -693.750000                 2.624100
34.174300               -686.330000                 2.624100
34.249100               -678.920000                 2.610600
34.323900               -671.400000                 2.626800
34.398600               -663.900000                 2.632200
34.473400               -656.590000                 2.621400
34.548200               -649.020000                 2.632200
34.623000               -641.530000                 2.643000
34.697800               -634.190000                 2.662000
34.772500               -626.820000                 2.680900
34.847300               -619.100000                 2.680900
34.922100               -611.630000                 2.689000
34.996900               -604.220000                 2.686300
35.071700               -596.650000                 2.651100
35.146400               -589.150000                 2.621400
35.221200               -581.710000                 2.567300
35.296000               -574.140000                 2.496900
35.370800               -566.800000                 2.407700
35.445600               -559.210000                 2.329200
35.520300               -551.820000                 2.264300
35.595100               -544.350000                 2.196700
35.669900               -536.750000                 2.139900
35.744700               -529.390000                 2.091200
35.819500               -521.890000                 2.064100
35.894200               -514.430000                 2.053300
35.969000               -506.960000                 2.031600
36.043800               -499.470000                 2.031600
36.118600               -491.970000                 2.064100
36.193400               -484.530000                 2.085700
36.268100               -477.140000                 2.072200
36.342900               -469.670000                 2.050600
36.417700               -462.030000                 2.031600
36.492500               -454.660000                 1.947800
36.567300               -447.090000                 1.845000
36.642000               -439.440000                 1.747600
36.716800               -432.130000                 1.642100
36.791600               -424.560000                 1.555500
36.866400               -417.040000                 1.468900
36.941200               -409.730000                 1.404000
37.015900               -402.360000                 1.333700
37.090700               -394.840000                 1.274200
37.165500               -387.120000                 1.239000
37.240300               -379.880000                 1.184900
37.315100               -372.360000                 1.157900
37.389800               -364.690000                 1.136200
37.464600               -357.450000                 1.098300
37.539400               -349.780000                 1.095600
37.614200               -342.290000                 1.087500
37.689000               -334.820000                 1.060500
37.763700               -327.530000                 1.044200
37.838500               -320.190000                 1.063200
37.913300               -312.550000                 1.060500
37.988100               -305.110000                 1.041500
38.062900               -297.540000                 1.044200
38.137600               -289.990000                 1.071300
38.212400               -282.650000                 1.063200
38.287200               -275.290000                 1.044200
38.362000               -267.590000                 1.063200
38.436700               -260.150000                 1.074000
38.511500               -252.530000                 1.076700
38.586300               -245.360000                 1.057700
38.661100               -238.000000                 1.060500
38.735900               -230.330000                 1.074000
38.810600               -222.730000                 1.082100
38.885400               -215.340000                 1.079400
38.960200               -207.800000                 1.092900
39.035000               -200.380000                 1.111900
39.109800               -192.790000                 1.114600
39.184500               -185.400000                 1.103700
39.259300               -178.030000                 1.122700
39.334100               -170.610000                 1.120000
39.408900               -163.070000                 1.125400
39.483700               -155.470000                 1.130800
39.558400               -147.980000                 1.152400
39.633200               -140.540000                 1.155100
39.708000               -133.040000                 1.138900
39.782800               -125.700000                 1.141600
39.857600               -118.210000                 1.160500
39.932300               -110.670000                 1.163300
40.007100               -103.280000                 1.155100
40.081900               -95.783000                 1.157900
40.156700               -88.417000                 1.160500
40.231500               -80.797000                 1.152400
40.306200               -73.254000                 1.149700
40.381000               -66.218000                 1.141600
40.455800               -58.547000                 1.155100
40.530600               -51.181000                 1.138900
40.605400               -43.205000                 1.149700
40.680100               -36.144000                 1.147000
40.754900               -28.600000                 1.147000
40.829700               -21.031000                 1.141600
40.904500               -13.614000                 1.141600
40.979300               -6.172200                 1.144300
41.054000               1.346200                 1.155100


Цикл № 4
Шаг  № 1
Точек  550
Циклическая потенцио. развертка, Скорость развертки 100,12 мВ/с.
Время, с.              Потенциал, мВ            Ток, мкА
0.074800               8.712200                 1.147000
0.149600               16.281000                 1.141600
0.224300               23.876000                 1.163300
0.299100               31.344000                 1.168700
0.373900               38.659000                 1.147000
0.448700               46.152000                 1.157900
0.523500               53.696000                 1.174100
0.598200               61.239000                 1.184900
0.673000               68.783000                 1.176800
0.747800               76.149000                 1.176800
0.822600               83.642000                 1.174100
0.897400               91.288000                 1.198400
0.972100               98.857000                 1.190300
1.046900               106.250000                 1.190300
1.121700               113.720000                 1.206500
1.196500               121.210000                 1.195700
1.271300               128.700000                 1.190300
1.346000               135.940000                 1.182200
1.420800               143.590000                 1.193000
1.495600               151.030000                 1.193000
1.570400               158.600000                 1.190300
1.645200               166.090000                 1.184900
1.719900               173.560000                 1.198400
1.794700               180.900000                 1.190300
1.869500               188.520000                 1.193000
1.944300               196.060000                 1.190300
2.019100               203.530000                 1.203800
2.093800               210.950000                 1.206500
2.168600               218.340000                 1.198400
2.243400               225.860000                 1.209200
2.318200               233.400000                 1.233600
2.392900               241.000000                 1.241700
2.467700               248.390000                 1.255200
2.542500               255.780000                 1.287700
2.617300               263.250000                 1.301200
2.692100               270.810000                 1.317500
2.766800               278.440000                 1.320200
2.841600               285.770000                 1.317500
2.916400               293.240000                 1.295800
2.991200               300.530000                 1.279600
3.066000               307.900000                 1.274200
3.140700               315.620000                 1.287700
3.215500               323.160000                 1.276900
3.290300               330.480000                 1.276900
3.365100               338.000000                 1.276900
3.439900               345.620000                 1.276900
3.514600               353.190000                 1.285000
3.589400               360.430000                 1.282300
3.664200               367.940000                 1.282300
3.739000               375.410000                 1.293100
3.813800               382.880000                 1.298500
3.888500               390.470000                 1.317500
3.963300               397.940000                 1.328300
4.038100               405.540000                 1.358000
4.112900               412.950000                 1.371600
4.187700               420.220000                 1.371600
4.262400               427.710000                 1.404000
4.337200               435.230000                 1.439200
4.412000               442.720000                 1.458100
4.486800               450.370000                 1.477100
4.561600               457.680000                 1.498700
4.636300               465.180000                 1.520400
4.711100               472.590000                 1.525800
4.785900               480.290000                 1.550100
4.860700               487.480000                 1.555500
4.935500               495.150000                 1.569000
5.010200               502.690000                 1.555500
5.085000               510.210000                 1.555500
5.159800               517.400000                 1.539300
5.234600               524.970000                 1.523100
5.309400               532.410000                 1.501400
5.384100               540.030000                 1.493300
5.458900               547.390000                 1.463500
5.533700               555.090000                 1.458100
5.608500               562.480000                 1.436500
5.683300               569.900000                 1.398600
5.758000               577.160000                 1.387800
5.832800               584.630000                 1.366100
5.907600               592.330000                 1.374300
5.982400               599.640000                 1.360700
6.057200               607.010000                 1.358000
6.131900               614.650000                 1.360700
6.206700               622.170000                 1.363400
6.281500               629.790000                 1.382400
6.356300               637.110000                 1.377000
6.431100               644.650000                 1.398600
6.505800               652.170000                 1.404000
6.580600               659.640000                 1.428400
6.655400               667.130000                 1.447300
6.730200               674.570000                 1.463500
6.804900               682.140000                 1.485200
6.879700               689.530000                 1.506800
6.954500               696.950000                 1.544700
7.029300               704.470000                 1.571700
7.104100               712.090000                 1.606900
7.178800               719.510000                 1.639400
7.253600               726.850000                 1.669100
7.328400               734.490000                 1.715100
7.403200               741.930000                 1.750300
7.478000               749.300000                 1.793600
7.552700               756.510000                 1.826000
7.627500               764.310000                 1.869300
7.702300               771.930000                 1.934300
7.777100               779.220000                 1.972100
7.851900               786.890000                 2.034300
7.926600               794.230000                 2.080300
8.001400               801.650000                 2.139900
8.076200               809.170000                 2.215600
8.151000               816.510000                 2.253500
8.225800               824.130000                 2.326500
8.300500               831.670000                 2.405000
8.375300               838.940000                 2.475300
8.450100               846.430000                 2.542900
8.524900               853.870000                 2.624100
8.599700               861.540000                 2.726900
8.674400               868.960000                 2.827000
8.749200               876.400000                 2.910800
8.824000               883.970000                 3.029900
8.898800               891.260000                 3.121800
8.973600               898.800000                 3.216500
9.048300               906.220000                 3.308500
9.123100               913.820000                 3.443800
9.197900               921.280000                 3.579000
9.272700               928.730000                 3.744100
9.347500               936.190000                 3.955100
9.422200               943.690000                 4.241800
9.497000               951.230000                 4.593500
9.571800               958.650000                 4.993900
9.646600               965.910000                 5.432100
9.721400               973.630000                 5.911000
9.796100               980.900000                 6.303200
9.870900               988.540000                 6.649500
9.945700               995.880000                 6.920000
10.020500               1003.400000                 7.171600
10.095300               1010.900000                 7.325800
10.170000               1018.300000                 7.442100
10.244800               1025.700000                 7.517900
10.319600               1033.100000                 7.536800
10.394400               1040.800000                 7.517900
10.469200               1048.100000                 7.453000
10.543900               1055.500000                 7.409700
10.618700               1063.100000                 7.417800
10.693500               1070.400000                 7.466500
10.768300               1078.000000                 7.658500
10.843100               1085.400000                 8.034600
10.917800               1093.100000                 8.727100
10.992600               1100.500000                 9.906600
11.067400               1108.000000                 11.892000
11.142200               1115.200000                 14.973000
11.217000               1122.900000                 19.540000
11.291700               1130.300000                 26.027000
11.366500               1137.800000                 34.973000
11.441300               1145.300000                 46.568000
11.516100               1147.200000                 44.101000
11.590800               1139.700000                 21.977000
11.665600               1132.500000                 7.009300
11.740400               1125.100000                 -2.908100
11.815200               1117.600000                 -8.829900
11.890000               1110.000000                 -11.630000
11.964700               1102.600000                 -12.027000
12.039500               1095.200000                 -10.721000
12.114300               1087.800000                 -8.524200
12.189100               1080.100000                 -6.395200
12.263900               1072.700000                 -4.780200
12.338600               1065.300000                 -3.690000
12.413400               1057.900000                 -2.973100
12.488200               1050.500000                 -2.532100
12.563000               1043.100000                 -2.340000
12.637800               1035.700000                 -2.396900
12.712500               1028.100000                 -2.648400
12.787300               1020.600000                 -2.937900
12.862100               1013.300000                 -3.213800
12.936900               1005.700000                 -3.427600
13.011700               998.300000                 -3.522200
13.086400               990.880000                 -3.576300
13.161200               983.490000                 -3.603400
13.236000               976.070000                 -3.587200
13.310800               968.480000                 -3.538500
13.385600               960.980000                 -3.397800
13.460300               953.570000                 -3.213800
13.535100               946.250000                 -2.970400
13.609900               938.710000                 -2.689000
13.684700               931.320000                 -2.432000
13.759500               923.770000                 -2.229100
13.834200               916.280000                 -2.034300
13.909000               908.960000                 -1.853100
13.983800               901.370000                 -1.744900
14.058600               894.180000                 -1.625900
14.133400               886.710000                 -1.539300
14.208100               879.200000                 -1.458100
14.282900               871.880000                 -1.414800
14.357700               864.390000                 -1.352600
14.432500               856.790000                 -1.301200
14.507300               849.530000                 -1.255200
14.582000               841.960000                 -1.241700
14.656800               834.520000                 -1.214700
14.731600               827.080000                 -1.195700
14.806400               819.610000                 -1.171400
14.881200               812.220000                 -1.168700
14.955900               804.540000                 -1.163300
15.030700               797.330000                 -1.141600
15.105500               789.790000                 -1.149700
15.180300               782.500000                 -1.157900
15.255100               775.030000                 -1.155100
15.329800               767.380000                 -1.168700
15.404600               760.040000                 -1.190300
15.479400               752.650000                 -1.203800
15.554200               745.080000                 -1.209200
15.629000               737.720000                 -1.233600
15.703700               730.270000                 -1.268800
15.778500               722.710000                 -1.290400
15.853300               715.320000                 -1.306600
15.928100               707.870000                 -1.341800
16.002800               700.580000                 -1.368800
16.077600               692.890000                 -1.401300
16.152400               685.440000                 -1.444600
16.227200               678.130000                 -1.477100
16.302000               670.690000                 -1.523100
16.376700               663.120000                 -1.552800
16.451500               655.650000                 -1.606900
16.526300               648.280000                 -1.655600
16.601100               640.890000                 -1.688100
16.675900               633.370000                 -1.755700
16.750600               625.880000                 -1.817900
16.825400               618.410000                 -1.874700
16.900200               610.950000                 -1.915300
16.975000               603.500000                 -1.966700
17.049800               596.160000                 -2.012700
17.124500               588.620000                 -2.074900
17.199300               581.250000                 -2.118200
17.274100               573.760000                 -2.158800
17.348900               566.270000                 -2.226400
17.423700               558.850000                 -2.285900
17.498400               551.540000                 -2.337300
17.573200               543.970000                 -2.415800
17.648000               536.470000                 -2.491500
17.722800               529.130000                 -2.553700
17.797600               521.560000                 -2.626800
17.872300               514.220000                 -2.699800
17.947100               506.750000                 -2.772900
18.021900               499.210000                 -2.835100
18.096700               491.770000                 -2.897300
18.171500               484.350000                 -2.946000
18.246200               476.910000                 -2.986600
18.321000               469.520000                 -3.002800
18.395800               462.100000                 -3.021800
18.470600               454.510000                 -3.048800
18.545400               447.120000                 -3.027200
18.620100               439.670000                 -3.008200
18.694900               432.160000                 -2.997400
18.769700               424.690000                 -2.973100
18.844500               417.300000                 -2.932500
18.919300               409.960000                 -2.889200
18.994000               402.410000                 -2.843200
19.068800               395.000000                 -2.799900
19.143600               387.580000                 -2.748500
19.218400               380.040000                 -2.713400
19.293200               372.640000                 -2.670100
19.367900               365.120000                 -2.618700
19.442700               357.560000                 -2.572700
19.517500               350.320000                 -2.515900
19.592300               342.900000                 -2.461800
19.667100               335.410000                 -2.413100
19.741800               327.790000                 -2.386000
19.816600               320.450000                 -2.337300
19.891400               313.000000                 -2.285900
19.966200               305.540000                 -2.250800
20.041000               298.070000                 -2.221000
20.115700               290.650000                 -2.188500
20.190500               283.130000                 -2.156100
20.265300               275.510000                 -2.137100
20.340100               268.220000                 -2.115500
20.414800               260.630000                 -2.102000
20.489600               253.310000                 -2.091200
20.564400               245.690000                 -2.083000
20.639200               238.560000                 -2.072200
20.714000               231.010000                 -2.083000
20.788700               223.370000                 -2.080300
20.863500               216.050000                 -2.072200
20.938300               208.640000                 -2.072200
21.013100               201.090000                 -2.056000
21.087900               193.780000                 -2.039800
21.162600               186.130000                 -2.039800
21.237400               178.640000                 -2.028900
21.312200               171.200000                 -2.010000
21.387000               163.750000                 -1.993800
21.461800               156.340000                 -1.991100
21.536500               148.900000                 -1.993800
21.611300               141.280000                 -1.980200
21.686100               133.960000                 -1.982900
21.760900               126.440000                 -1.988400
21.835700               119.180000                 -1.977500
21.910400               111.580000                 -1.977500
21.985200               104.140000                 -2.004600
22.060000               96.774000                 -2.018100
22.134800               89.281000                 -2.031600
22.209600               81.737000                 -2.056000
22.284300               74.397000                 -2.083000
22.359100               66.751000                 -2.112800
22.433900               59.461000                 -2.129000
22.508700               51.968000                 -2.156100
22.583500               44.602000                 -2.218300
22.658200               37.084000                 -2.250800
22.733000               29.566000                 -2.299500
22.807800               22.073000                 -2.342700
22.882600               14.757000                 -2.405000
22.957400               7.086600                 -2.445500
23.032100               -0.279400                 -2.496900
23.106900               -7.721600                 -2.553700
23.181700               -15.164000                 -2.610600
23.256500               -22.631000                 -2.640300
23.331300               -30.023000                 -2.694400
23.406000               -37.440000                 -2.735000
23.480800               -44.831000                 -2.767500
23.555600               -52.349000                 -2.794500
23.630400               -59.715000                 -2.829700
23.705200               -67.234000                 -2.873000
23.779900               -74.600000                 -2.881100
23.854700               -82.017000                 -2.897300
23.929500               -89.611000                 -2.929800
24.004300               -97.028000                 -2.943300
24.079100               -104.290000                 -2.940600
24.153800               -111.860000                 -2.962300
24.228600               -119.230000                 -2.967700
24.303400               -126.640000                 -2.981200
24.378200               -134.210000                 -2.978500
24.453000               -141.580000                 -2.978500
24.527700               -149.050000                 -2.989300
24.602500               -156.510000                 -2.970400
24.677300               -164.060000                 -2.967700
24.752100               -171.400000                 -2.964900
24.826800               -178.920000                 -2.954100
24.901600               -186.280000                 -2.927100
24.976400               -193.800000                 -2.919000
25.051200               -201.140000                 -2.894600
25.126000               -208.610000                 -2.875700
25.200700               -216.080000                 -2.845900
25.275500               -223.470000                 -2.835100
25.350300               -231.040000                 -2.813500
25.425100               -238.560000                 -2.775600
25.499900               -246.000000                 -2.745800
25.574600               -253.440000                 -2.732300
25.649400               -260.860000                 -2.697100
25.724200               -268.150000                 -2.651100
25.799000               -275.640000                 -2.629500
25.873800               -283.110000                 -2.613300
25.948500               -290.500000                 -2.583500
26.023300               -298.020000                 -2.553700
26.098100               -305.380000                 -2.537500
26.172900               -312.880000                 -2.513200
26.247700               -320.370000                 -2.486100
26.322400               -327.840000                 -2.475300
26.397200               -335.230000                 -2.456400
26.472000               -342.570000                 -2.437400
26.546800               -350.040000                 -2.418500
26.621600               -357.530000                 -2.413100
26.696300               -365.000000                 -2.413100
26.771100               -372.540000                 -2.396900
26.845900               -379.960000                 -2.386000
26.920700               -387.270000                 -2.394100
26.995500               -394.770000                 -2.383300
27.070200               -402.260000                 -2.375200
27.145000               -409.650000                 -2.377900
27.219800               -417.020000                 -2.388700
27.294600               -424.560000                 -2.399600
27.369400               -432.000000                 -2.407700
27.444100               -439.420000                 -2.442800
27.518900               -446.860000                 -2.459100
27.593700               -454.380000                 -2.480700
27.668500               -461.820000                 -2.510500
27.743300               -469.320000                 -2.570000
27.818000               -476.860000                 -2.613300
27.892800               -484.200000                 -2.672800
27.967600               -491.590000                 -2.724200
28.042400               -499.160000                 -2.832400
28.117200               -506.450000                 -2.908100
28.191900               -513.890000                 -2.981200
28.266700               -521.460000                 -3.054200
28.341500               -528.900000                 -3.086700
28.416300               -536.370000                 -3.100200
28.491100               -543.940000                 -3.113700
28.565800               -551.330000                 -3.151600
28.640600               -558.900000                 -3.194900
28.715400               -566.170000                 -3.194900
28.790200               -573.680000                 -3.257100
28.865000               -581.020000                 -3.305800
28.939700               -588.390000                 -3.370700
29.014500               -596.040000                 -3.460000
29.089300               -603.430000                 -3.600700
29.164100               -611.050000                 -3.730500
29.238800               -618.360000                 -3.868500
29.313600               -625.630000                 -4.028100
29.388400               -633.480000                 -4.236400
29.463200               -640.790000                 -4.355500
29.538000               -648.180000                 -4.444700
29.612700               -655.700000                 -4.515100
29.687500               -663.120000                 -4.563700
29.762300               -670.510000                 -4.569200
29.837100               -677.930000                 -4.550200
29.911900               -685.370000                 -4.607000
29.986600               -692.910000                 -4.658400
30.061400               -700.180000                 -4.674700
30.136200               -707.870000                 -4.739600
30.211000               -715.290000                 -4.801800
30.285800               -722.860000                 -4.815300
30.360500               -730.100000                 -4.766600
30.435300               -737.570000                 -4.745000
30.510100               -744.930000                 -4.709800
30.584900               -752.480000                 -4.612400
30.659700               -759.920000                 -4.544800
30.734400               -767.280000                 -4.520500
30.809200               -774.830000                 -4.509600
30.884000               -782.350000                 -4.525900
30.958800               -789.740000                 -4.596200
31.033600               -797.100000                 -4.739600
31.108300               -804.570000                 -4.904600
31.183100               -812.060000                 -5.134600
31.257900               -819.510000                 -5.467300
31.332700               -827.020000                 -5.913700
31.407500               -834.340000                 -6.462800
31.482200               -841.960000                 -7.174300
31.557000               -849.150000                 -8.050800
31.631800               -857.050000                 -9.111300
31.706600               -864.260000                 -10.320000
31.781400               -871.700000                 -11.733000
31.856100               -879.140000                 -13.364000
31.930900               -886.690000                 -15.114000
32.005700               -894.000000                 -16.962000
32.080500               -898.040000                 -16.091000
32.155300               -891.570000                 -9.205900
32.230000               -884.050000                 -4.152500
32.304800               -876.480000                 -0.587040
32.379600               -869.090000                 1.850400
32.454400               -861.770000                 3.435700
32.529200               -854.000000                 4.377100
32.603900               -846.510000                 4.788300
32.678700               -839.160000                 4.815300
32.753500               -831.570000                 4.650300
32.828300               -824.210000                 4.398700
32.903100               -816.810000                 4.133600
32.977800               -809.190000                 3.852300
33.052600               -801.780000                 3.625000
33.127400               -794.490000                 3.430300
33.202200               -787.040000                 3.289600
33.277000               -779.370000                 3.135400
33.351700               -771.750000                 3.032600
33.426500               -764.310000                 2.937900
33.501300               -756.870000                 2.856700
33.576100               -749.480000                 2.775600
33.650900               -742.090000                 2.743100
33.725600               -734.540000                 2.724200
33.800400               -727.050000                 2.699800
33.875200               -719.460000                 2.705200
33.950000               -712.240000                 2.680900
34.024700               -704.650000                 2.705200
34.099500               -697.180000                 2.691700
34.174300               -689.460000                 2.707900
34.249100               -682.090000                 2.702500
34.323900               -674.550000                 2.716100
34.398600               -667.260000                 2.707900
34.473400               -659.640000                 2.713400
34.548200               -652.350000                 2.726900
34.623000               -644.910000                 2.737700
34.697800               -637.460000                 2.740400
34.772500               -629.950000                 2.759300
34.847300               -622.450000                 2.772900
34.922100               -614.910000                 2.786400
34.996900               -607.390000                 2.778300
35.071700               -599.920000                 2.767500
35.146400               -592.510000                 2.729600
35.221200               -584.960000                 2.683600
35.296000               -577.620000                 2.616000
35.370800               -570.080000                 2.548300
35.445600               -562.660000                 2.480700
35.520300               -554.990000                 2.418500
35.595100               -547.650000                 2.329200
35.669900               -540.030000                 2.272400
35.744700               -532.540000                 2.226400
35.819500               -525.170000                 2.177700
35.894200               -517.730000                 2.131700
35.969000               -510.080000                 2.120900
36.043800               -502.890000                 2.110100
36.118600               -495.320000                 2.118200
36.193400               -487.810000                 2.123600
36.268100               -480.540000                 2.129000
36.342900               -472.820000                 2.153400
36.417700               -465.330000                 2.142600
36.492500               -457.910000                 2.069500
36.567300               -450.490000                 1.982900
36.642000               -443.000000                 1.896400
36.716800               -435.480000                 1.785500
36.791600               -427.960000                 1.661000
36.866400               -420.370000                 1.571700
36.941200               -413.130000                 1.477100
37.015900               -405.540000                 1.406700
37.090700               -398.020000                 1.333700
37.165500               -390.750000                 1.271500
37.240300               -383.080000                 1.239000
37.315100               -375.490000                 1.195700
37.389800               -368.170000                 1.144300
37.464600               -360.530000                 1.138900
37.539400               -353.240000                 1.098300
37.614200               -345.640000                 1.076700
37.689000               -338.450000                 1.041500
37.763700               -330.560000                 1.055100
37.838500               -323.440000                 1.041500
37.913300               -315.950000                 1.033400
37.988100               -308.310000                 1.030700
38.062900               -300.860000                 1.030700
38.137600               -293.320000                 1.041500
38.212400               -285.930000                 1.036100
38.287200               -278.460000                 1.025300
38.362000               -270.990000                 1.049600
38.436700               -263.550000                 1.057700
38.511500               -256.030000                 1.055100
38.586300               -248.460000                 1.060500
38.661100               -241.020000                 1.068600
38.735900               -233.580000                 1.079400
38.810600               -225.960000                 1.084800
38.885400               -218.520000                 1.079400
38.960200               -211.020000                 1.101000
39.035000               -203.630000                 1.103700
39.109800               -195.990000                 1.106400
39.184500               -188.870000                 1.106400
39.259300               -181.360000                 1.114600
39.334100               -173.840000                 1.111900
39.408900               -166.450000                 1.111900
39.483700               -158.980000                 1.111900
39.558400               -151.330000                 1.136200
39.633200               -143.840000                 1.130800
39.708000               -136.300000                 1.133500
39.782800               -128.850000                 1.147000
39.857600               -121.390000                 1.157900
39.932300               -113.970000                 1.149700
40.007100               -106.400000                 1.136200
40.081900               -98.933000                 1.152400
40.156700               -91.516000                 1.152400
40.231500               -84.303000                 1.125400
40.306200               -76.581000                 1.138900
40.381000               -69.037000                 1.144300
40.455800               -61.646000                 1.141600
40.530600               -54.254000                 1.125400
40.605400               -46.863000                 1.125400
40.680100               -39.091000                 1.149700
40.754900               -31.801000                 1.136200
40.829700               -24.435000                 1.128100
40.904500               -16.891000                 1.141600
40.979300               -9.550400                 1.136200
41.054000               -2.082800                 1.128100
41.128800               5.613400                 1.138900


Цикл № 5
Шаг  № 1
Точек  548
Циклическая потенцио. развертка, последний цикл № 5, Скорость развертки 100,12 мВ/с.
Время, с.              Потенциал, мВ            Ток, мкА
0.074800               13.081000                 1.149700
0.149600               20.371000                 1.168700
0.224300               28.016000                 1.155100
0.299100               35.509000                 1.160500
0.373900               43.053000                 1.174100
0.448700               50.470000                 1.179500
0.523500               57.912000                 1.176800
0.598200               65.430000                 1.174100
0.673000               72.949000                 1.184900
0.747800               80.340000                 1.190300
0.822600               88.062000                 1.195700
0.897400               95.428000                 1.193000
0.972100               102.950000                 1.201100
1.046900               110.390000                 1.206500
1.121700               117.780000                 1.198400
1.196500               125.450000                 1.206500
1.271300               132.740000                 1.195700
1.346000               140.280000                 1.217400
1.420800               147.700000                 1.193000
1.495600               155.220000                 1.203800
1.570400               162.870000                 1.214700
1.645200               170.260000                 1.220100
1.719900               177.670000                 1.198400
1.794700               185.140000                 1.195700
1.869500               192.580000                 1.217400
1.944300               200.350000                 1.217400
2.019100               207.750000                 1.217400
2.093800               215.260000                 1.220100
2.168600               222.500000                 1.228200
2.243400               230.180000                 1.241700
2.318200               237.490000                 1.252500
2.392900               245.030000                 1.257900
2.467700               252.680000                 1.293100
2.542500               260.120000                 1.317500
2.617300               267.510000                 1.328300
2.692100               274.930000                 1.322900
2.766800               282.400000                 1.322900
2.841600               289.840000                 1.314800
2.916400               297.280000                 1.298500
2.991200               304.650000                 1.287700
3.066000               312.270000                 1.287700
3.140700               319.840000                 1.287700
3.215500               327.430000                 1.282300
3.290300               334.950000                 1.293100
3.365100               342.340000                 1.298500
3.439900               349.710000                 1.276900
3.514600               357.280000                 1.295800
3.589400               364.740000                 1.293100
3.664200               372.130000                 1.303900
3.739000               379.730000                 1.312000
3.813800               387.070000                 1.306600
3.888500               394.720000                 1.333700
3.963300               402.340000                 1.366100
4.038100               409.750000                 1.371600
4.112900               417.070000                 1.382400
4.187700               424.660000                 1.414800
4.262400               432.030000                 1.441900
4.337200               439.500000                 1.452700
4.412000               446.890000                 1.463500
4.486800               454.430000                 1.493300
4.561600               461.700000                 1.506800
4.636300               469.540000                 1.528500
4.711100               476.810000                 1.533900
4.785900               484.300000                 1.555500
4.860700               491.770000                 1.560900
4.935500               499.420000                 1.563600
5.010200               506.750000                 1.550100
5.085000               514.450000                 1.558200
5.159800               521.870000                 1.544700
5.234600               529.230000                 1.520400
5.309400               536.630000                 1.501400
5.384100               544.200000                 1.498700
5.458900               551.690000                 1.471600
5.533700               559.000000                 1.447300
5.608500               566.570000                 1.441900
5.683300               573.960000                 1.433800
5.758000               581.610000                 1.417600
5.832800               588.920000                 1.393200
5.907600               596.600000                 1.412100
5.982400               603.940000                 1.404000
6.057200               611.380000                 1.409400
6.131900               618.790000                 1.409400
6.206700               626.470000                 1.425700
6.281500               633.880000                 1.425700
6.356300               641.400000                 1.436500
6.431100               648.840000                 1.450000
6.505800               656.390000                 1.482500
6.580600               663.800000                 1.490600
6.655400               671.320000                 1.509500
6.730200               678.820000                 1.525800
6.804900               686.380000                 1.571700
6.879700               693.780000                 1.593400
6.954500               701.140000                 1.612300
7.029300               708.660000                 1.642100
7.104100               716.200000                 1.680000
7.178800               723.620000                 1.715100
7.253600               731.190000                 1.747600
7.328400               738.480000                 1.785500
7.403200               746.200000                 1.847700
7.478000               753.470000                 1.874700
7.552700               761.110000                 1.912600
7.627500               768.500000                 1.961300
7.702300               775.890000                 2.020800
7.777100               783.490000                 2.064100
7.851900               791.060000                 2.120900
7.926600               798.550000                 2.180400
8.001400               805.940000                 2.242600
8.076200               813.430000                 2.291300
8.151000               820.750000                 2.348100
8.225800               828.290000                 2.421200
8.300500               835.740000                 2.494200
8.375300               843.330000                 2.564600
8.450100               850.670000                 2.643000
8.524900               858.270000                 2.735000
8.599700               865.580000                 2.818900
8.674400               873.200000                 2.916300
8.749200               880.540000                 3.010900
8.824000               888.140000                 3.119100
8.898800               895.710000                 3.230100
8.973600               902.950000                 3.305800
9.048300               910.310000                 3.422100
9.123100               917.900000                 3.541200
9.197900               925.250000                 3.687300
9.272700               932.840000                 3.876600
9.347500               940.410000                 4.152500
9.422200               947.800000                 4.455500
9.497000               955.470000                 4.834300
9.571800               962.790000                 5.272500
9.646600               970.360000                 5.751400
9.721400               977.720000                 6.168000
9.796100               985.270000                 6.544000
9.870900               992.630000                 6.863200
9.945700               1000.000000                 7.095900
10.020500               1007.600000                 7.285200
10.095300               1015.200000                 7.444800
10.170000               1022.400000                 7.536800
10.244800               1029.900000                 7.577400
10.319600               1037.400000                 7.566600
10.394400               1045.000000                 7.539500
10.469200               1052.400000                 7.477300
10.543900               1059.500000                 7.436700
10.618700               1067.300000                 7.458400
10.693500               1074.800000                 7.566600
10.768300               1082.200000                 7.861400
10.843100               1089.900000                 8.389000
10.917800               1097.300000                 9.330400
10.992600               1104.400000                 10.967000
11.067400               1112.100000                 13.605000
11.142200               1119.500000                 17.525000
11.217000               1127.000000                 23.300000
11.291700               1134.600000                 31.351000
11.366500               1142.000000                 41.977000
11.441300               1148.200000                 51.118000
11.516100               1143.200000                 31.105000
11.590800               1135.700000                 12.801000
11.665600               1128.200000                 0.543750
11.740400               1120.800000                 -7.063400
11.815200               1113.200000                 -11.105000
11.890000               1105.900000                 -12.469000
11.964700               1098.500000                 -11.768000
12.039500               1090.900000                 -9.779500
12.114300               1083.500000                 -7.453000
12.189100               1076.000000                 -5.548500
12.263900               1068.500000                 -4.231000
12.338600               1061.100000                 -3.354500
12.413400               1053.700000                 -2.797200
12.488200               1046.300000                 -2.486100
12.563000               1038.800000                 -2.434700
12.637800               1031.400000                 -2.607900
12.712500               1023.900000                 -2.891900
12.787300               1016.500000                 -3.189500
12.862100               1008.900000                 -3.414000
12.936900               1001.500000                 -3.549300
13.011700               994.160000                 -3.619600
13.086400               986.690000                 -3.652100
13.161200               979.140000                 -3.665600
13.236000               971.860000                 -3.598000
13.310800               964.340000                 -3.506000
13.385600               957.050000                 -3.338300
13.460300               949.450000                 -3.105600
13.535100               942.090000                 -2.835100
13.609900               934.620000                 -2.572700
13.684700               927.020000                 -2.340000
13.759500               919.680000                 -2.129000
13.834200               912.320000                 -1.945100
13.909000               904.820000                 -1.812500
13.983800               897.310000                 -1.704300
14.058600               889.710000                 -1.617700
14.133400               882.370000                 -1.517600
14.208100               875.050000                 -1.452700
14.282900               867.510000                 -1.393200
14.357700               860.170000                 -1.336400
14.432500               852.700000                 -1.301200
14.507300               845.180000                 -1.260600
14.582000               837.820000                 -1.233600
14.656800               830.350000                 -1.198400
14.731600               822.830000                 -1.193000
14.806400               815.390000                 -1.195700
14.881200               807.900000                 -1.174100
14.955900               800.560000                 -1.163300
15.030700               793.140000                 -1.163300
15.105500               785.720000                 -1.168700
15.180300               778.180000                 -1.163300
15.255100               770.740000                 -1.171400
15.329800               763.140000                 -1.193000
15.404600               755.850000                 -1.201100
15.479400               748.260000                 -1.209200
15.554200               740.970000                 -1.233600
15.629000               733.580000                 -1.252500
15.703700               726.010000                 -1.271500
15.778500               718.720000                 -1.293100
15.853300               711.020000                 -1.341800
15.928100               703.630000                 -1.363400
16.002800               696.290000                 -1.382400
16.077600               688.900000                 -1.412100
16.152400               681.410000                 -1.463500
16.227200               673.710000                 -1.504100
16.302000               666.470000                 -1.533900
16.376700               658.980000                 -1.588000
16.451500               651.640000                 -1.639400
16.526300               643.970000                 -1.688100
16.601100               636.800000                 -1.726000
16.675900               629.160000                 -1.788200
16.750600               621.770000                 -1.842300
16.825400               614.220000                 -1.901800
16.900200               606.780000                 -1.942400
16.975000               599.410000                 -2.001900
17.049800               591.850000                 -2.056000
17.124500               584.500000                 -2.093900
17.199300               576.990000                 -2.150700
17.274100               569.570000                 -2.210200
17.348900               562.080000                 -2.261600
17.423700               554.680000                 -2.326500
17.498400               547.190000                 -2.405000
17.573200               539.800000                 -2.472600
17.648000               532.260000                 -2.537500
17.722800               524.890000                 -2.605200
17.797600               517.470000                 -2.691700
17.872300               509.900000                 -2.748500
17.947100               502.590000                 -2.799900
18.021900               495.100000                 -2.883800
18.096700               487.730000                 -2.927100
18.171500               480.260000                 -2.970400
18.246200               472.720000                 -3.008200
18.321000               465.230000                 -3.027200
18.395800               457.810000                 -3.040700
18.470600               450.320000                 -3.032600
18.545400               443.030000                 -3.021800
18.620100               435.510000                 -3.019100
18.694900               427.990000                 -2.983900
18.769700               420.600000                 -2.940600
18.844500               413.160000                 -2.919000
18.919300               405.710000                 -2.881100
18.994000               398.170000                 -2.837800
19.068800               390.750000                 -2.786400
19.143600               383.310000                 -2.751200
19.218400               375.690000                 -2.707900
19.293200               368.480000                 -2.640300
19.367900               361.090000                 -2.575400
19.442700               353.420000                 -2.542900
19.517500               346.070000                 -2.491500
19.592300               338.610000                 -2.432000
19.667100               331.190000                 -2.396900
19.741800               323.750000                 -2.356300
19.816600               316.280000                 -2.315700
19.891400               308.920000                 -2.256200
19.966200               301.300000                 -2.258900
20.041000               293.880000                 -2.196700
20.115700               286.310000                 -2.169600
20.190500               278.890000                 -2.150700
20.265300               271.480000                 -2.123600
20.340100               264.060000                 -2.102000
20.414800               256.560000                 -2.080300
20.489600               249.150000                 -2.080300
20.564400               241.710000                 -2.085700
20.639200               234.210000                 -2.074900
20.714000               226.670000                 -2.093900
20.788700               219.350000                 -2.093900
20.863500               211.860000                 -2.083000
20.938300               204.290000                 -2.080300
21.013100               197.080000                 -2.056000
21.087900               189.530000                 -2.053300
21.162600               182.120000                 -2.037000
21.237400               174.550000                 -2.015400
21.312200               167.110000                 -2.015400
21.387000               159.690000                 -2.010000
21.461800               152.380000                 -1.985600
21.536500               144.810000                 -1.985600
21.611300               137.260000                 -2.001900
21.686100               129.720000                 -2.007300
21.760900               122.430000                 -1.993800
21.835700               115.060000                 -1.996500
21.910400               107.420000                 -2.031600
21.985200               99.974000                 -2.034300
22.060000               92.583000                 -2.050600
22.134800               85.166000                 -2.064100
22.209600               77.648000                 -2.099300
22.284300               70.231000                 -2.123600
22.359100               62.560000                 -2.153400
22.433900               55.194000                 -2.207500
22.508700               47.904000                 -2.239900
22.583500               40.234000                 -2.267000
22.658200               32.868000                 -2.315700
22.733000               25.502000                 -2.369800
22.807800               17.907000                 -2.421200
22.882600               10.516000                 -2.461800
22.957400               2.997200                 -2.515900
23.032100               -4.241800                 -2.561900
23.106900               -11.862000                 -2.618700
23.181700               -19.279000                 -2.656600
23.256500               -26.772000                 -2.716100
23.331300               -34.112000                 -2.751200
23.406000               -41.427000                 -2.781000
23.480800               -49.022000                 -2.813500
23.555600               -56.566000                 -2.862200
23.630400               -63.906000                 -2.881100
23.705200               -71.247000                 -2.897300
23.779900               -78.765000                 -2.929800
23.854700               -86.335000                 -2.964900
23.929500               -93.650000                 -2.964900
24.004300               -101.140000                 -2.970400
24.079100               -108.530000                 -3.002800
24.153800               -116.050000                 -3.005500
24.228600               -123.620000                 -3.005500
24.303400               -130.860000                 -3.013600
24.378200               -138.430000                 -3.016400
24.453000               -145.750000                 -3.008200
24.527700               -153.340000                 -2.994700
24.602500               -160.680000                 -3.008200
24.677300               -168.220000                 -3.005500
24.752100               -175.560000                 -2.975800
24.826800               -182.980000                 -2.956800
24.901600               -190.550000                 -2.951400
24.976400               -198.070000                 -2.932500
25.051200               -205.410000                 -2.902700
25.126000               -212.880000                 -2.886500
25.200700               -220.190000                 -2.864900
25.275500               -227.760000                 -2.837800
25.350300               -235.100000                 -2.781000
25.425100               -242.570000                 -2.759300
25.499900               -250.160000                 -2.740400
25.574600               -257.450000                 -2.686300
25.649400               -264.970000                 -2.662000
25.724200               -272.470000                 -2.640300
25.799000               -279.830000                 -2.599700
25.873800               -287.320000                 -2.567300
25.948500               -294.770000                 -2.542900
26.023300               -302.160000                 -2.518600
26.098100               -309.730000                 -2.505100
26.172900               -317.170000                 -2.461800
26.247700               -324.490000                 -2.448200
26.322400               -332.030000                 -2.440100
26.397200               -339.470000                 -2.413100
26.472000               -346.890000                 -2.399600
26.546800               -354.330000                 -2.383300
26.621600               -361.670000                 -2.377900
26.696300               -369.160000                 -2.350900
26.771100               -376.560000                 -2.348100
26.845900               -384.150000                 -2.367100
26.920700               -391.620000                 -2.353600
26.995500               -399.010000                 -2.348100
27.070200               -406.400000                 -2.353600
27.145000               -413.770000                 -2.356300
27.219800               -421.360000                 -2.372500
27.294600               -428.750000                 -2.372500
27.369400               -436.300000                 -2.410400
27.444100               -443.690000                 -2.434700
27.518900               -451.100000                 -2.451000
27.593700               -458.620000                 -2.502300
27.668500               -466.040000                 -2.548300
27.743300               -473.560000                 -2.580800
27.818000               -480.970000                 -2.651100
27.892800               -488.290000                 -2.737700
27.967600               -495.860000                 -2.821600
28.042400               -503.300000                 -2.905400
28.117200               -510.670000                 -3.005500
28.191900               -518.210000                 -3.081300
28.266700               -525.750000                 -3.111000
28.341500               -533.250000                 -3.140800
28.416300               -540.590000                 -3.178700
28.491100               -548.060000                 -3.194900
28.565800               -555.520000                 -3.208400
28.640600               -562.890000                 -3.230100
28.715400               -570.330000                 -3.289600
28.790200               -578.080000                 -3.351800
28.865000               -585.320000                 -3.381600
28.939700               -592.760000                 -3.487100
29.014500               -600.180000                 -3.598000
29.089300               -607.770000                 -3.717000
29.164100               -615.160000                 -3.873900
29.238800               -622.580000                 -4.068700
29.313600               -630.050000                 -4.244500
29.388400               -637.590000                 -4.366300
29.463200               -645.010000                 -4.512300
29.538000               -652.450000                 -4.620600
29.612700               -659.760000                 -4.642200
29.687500               -667.210000                 -4.628700
29.762300               -674.650000                 -4.642200
29.837100               -682.190000                 -4.688200
29.911900               -689.660000                 -4.685500
29.986600               -697.150000                 -4.715200
30.061400               -704.520000                 -4.801800
30.136200               -711.940000                 -4.834300
30.211000               -719.350000                 -4.826200
30.285800               -726.850000                 -4.837000
30.360500               -734.290000                 -4.812600
30.435300               -741.810000                 -4.739600
30.510100               -749.170000                 -4.639500
30.584900               -756.670000                 -4.582700
30.659700               -764.180000                 -4.520500
30.734400               -771.630000                 -4.458200
30.809200               -778.920000                 -4.463700
30.884000               -786.590000                 -4.552900
30.958800               -794.000000                 -4.639500
31.033600               -801.500000                 -4.766600
31.108300               -808.790000                 -4.980400
31.183100               -816.380000                 -5.294200
31.257900               -823.820000                 -5.686400
31.332700               -830.990000                 -6.157100
31.407500               -838.530000                 -6.828000
31.482200               -846.100000                 -7.639600
31.557000               -853.540000                 -8.586400
31.631800               -861.060000                 -9.738900
31.706600               -868.500000                 -11.111000
31.781400               -875.920000                 -12.623000
31.856100               -883.510000                 -14.284000
31.930900               -890.800000                 -16.104000
32.005700               -897.990000                 -17.587000
32.080500               -894.790000                 -11.968000
32.155300               -887.320000                 -6.081400
32.230000               -879.730000                 -1.945100
32.304800               -872.490000                 0.925190
32.379600               -864.950000                 2.894600
32.454400               -857.330000                 4.090300
32.529200               -849.910000                 4.647600
32.603900               -842.440000                 4.812600
32.678700               -834.700000                 4.728800
32.753500               -827.510000                 4.512300
32.828300               -819.940000                 4.225600
32.903100               -812.550000                 3.971300
32.977800               -805.260000                 3.744100
33.052600               -797.560000                 3.538500
33.127400               -790.120000                 3.357200
33.202200               -782.650000                 3.222000
33.277000               -775.130000                 3.116400
33.351700               -767.610000                 3.002800
33.426500               -760.200000                 2.908100
33.501300               -752.530000                 2.848600
33.576100               -745.030000                 2.821600
33.650900               -737.720000                 2.786400
33.725600               -730.120000                 2.759300
33.800400               -722.650000                 2.748500
33.875200               -715.470000                 2.748500
33.950000               -707.850000                 2.748500
34.024700               -700.280000                 2.751200
34.099500               -692.780000                 2.762100
34.174300               -685.470000                 2.764800
34.249100               -678.080000                 2.759300
34.323900               -670.560000                 2.753900
34.398600               -663.040000                 2.770200
34.473400               -655.500000                 2.791800
34.548200               -648.280000                 2.783700
34.623000               -640.720000                 2.797200
34.697800               -633.450000                 2.827000
34.772500               -625.860000                 2.840500
34.847300               -618.160000                 2.851300
34.922100               -610.690000                 2.862200
34.996900               -603.300000                 2.862200
35.071700               -595.780000                 2.832400
35.146400               -588.420000                 2.781000
35.221200               -580.770000                 2.732300
35.296000               -573.280000                 2.664700
35.370800               -565.940000                 2.586200
35.445600               -558.340000                 2.507800
35.520300               -550.800000                 2.434700
35.595100               -543.180000                 2.375200
35.669900               -535.740000                 2.315700
35.744700               -528.400000                 2.237200
35.819500               -521.000000                 2.199400
35.894200               -513.510000                 2.183100
35.969000               -506.150000                 2.156100
36.043800               -498.530000                 2.153400
36.118600               -490.980000                 2.164200
36.193400               -483.460000                 2.196700
36.268100               -476.380000                 2.180400
36.342900               -468.760000                 2.180400
36.417700               -461.010000                 2.156100
36.492500               -453.620000                 2.112800
36.567300               -446.200000                 2.007300
36.642000               -438.610000                 1.882800
36.716800               -431.110000                 1.763800
36.791600               -423.850000                 1.639400
36.866400               -416.180000                 1.542000
36.941200               -408.940000                 1.441900
37.015900               -401.300000                 1.377000
37.090700               -393.950000                 1.309300
37.165500               -386.330000                 1.249800
37.240300               -378.760000                 1.198400
37.315100               -371.450000                 1.157900
37.389800               -363.910000                 1.128100
37.464600               -356.340000                 1.092900
37.539400               -349.170000                 1.049600
37.614200               -341.630000                 1.055100
37.689000               -333.990000                 1.038800
37.763700               -326.670000                 1.014500
37.838500               -319.250000                 1.006400
37.913300               -311.730000                 1.011800
37.988100               -304.090000                 1.022600
38.062900               -296.670000                 1.000900
38.137600               -289.100000                 1.009100
38.212400               -281.740000                 1.014500
38.287200               -274.350000                 1.019900
38.362000               -266.730000                 1.022600
38.436700               -259.280000                 1.041500
38.511500               -251.940000                 1.046900
38.586300               -244.320000                 1.057700
38.661100               -236.910000                 1.041500
38.735900               -229.260000                 1.065900
38.810600               -221.840000                 1.079400
38.885400               -214.270000                 1.082100
38.960200               -206.960000                 1.076700
39.035000               -199.470000                 1.092900
39.109800               -192.020000                 1.101000
39.184500               -184.610000                 1.095600
39.259300               -177.060000                 1.101000
39.334100               -169.620000                 1.103700
39.408900               -162.180000                 1.111900
39.483700               -154.580000                 1.117300
39.558400               -146.990000                 1.117300
39.633200               -139.520000                 1.130800
39.708000               -132.100000                 1.138900
39.782800               -124.740000                 1.128100
39.857600               -117.300000                 1.109200
39.932300               -109.960000                 1.130800
40.007100               -102.290000                 1.144300
40.081900               -94.894000                 1.122700
40.156700               -87.249000                 1.128100
40.231500               -79.934000                 1.130800
40.306200               -72.339000                 1.136200
40.381000               -64.897000                 1.130800
40.455800               -57.480000                 1.133500
40.530600               -50.089000                 1.133500
40.605400               -42.443000                 1.133500
40.680100               -35.001000                 1.130800
40.754900               -27.686000                 1.138900
40.829700               -20.066000                 1.149700
40.904500               -12.802000                 1.130800
40.979300               -5.359400                 1.136200
